-3.042936737369634215e-01,6.120131779693123442e-02,-1.430107923521851898e+00,-9.225210223448966629e-02,-4.890096469218256914e-01,-2.747211278973780701e-01,-3.100868364730210991e-01,-4.040610178208842718e-01,-5.163977794943221955e-01,2.672612419124243743e+00,-3.429971702850176385e-01,-1.906925178491184480e-01,-1.336306209562121983e-01,-1.336306209562121983e-01,-3.741657386773941663e-01,1.533929977694740820e+00,-6.519202405202648709e-01,-4.890096469218257469e-01,-2.357022603955158113e-01,-1.906925178491184480e-01,-2.357022603955158113e-01,-3.100868364730211546e-01,-4.612656040144424985e-01,1.936491673103708511e+00,-5.435573065046089836e-01,-1.336306209562121983e-01,-4.890096469218257469e-01,-1.336306209562121983e-01,-1.336306209562121983e-01,6.519202405202649819e-01,-6.246950475544241765e-01,-1.336306209562121983e-01,1.936491673103708511e+00,-5.163977794943221955e-01,-7.928249671720919434e-01,-4.890096469218256914e-01,1.673320053068150903e+00,0.000000000000000000e+00
0.000000000000000000e+00,5.164083024878620698e-01,-7.125449773854111157e-01,6.193310915223521756e-02,-4.890096469218256914e-01,-2.747211278973780701e-01,-3.100868364730210991e-01,2.474873734152916338e+00,-5.163977794943221955e-01,-3.741657386773941107e-01,-3.429971702850176385e-01,-1.906925178491184480e-01,-1.336306209562121983e-01,-1.336306209562121983e-01,-3.741657386773941663e-01,-6.519202405202648709e-01,1.533929977694740820e+00,-4.890096469218257469e-01,-2.357022603955158113e-01,-1.906925178491184480e-01,-2.357022603955158113e-01,-3.100868364730211546e-01,-4.612656040144424985e-01,-5.163977794943221955e-01,1.839732422015599722e+00,-1.336306209562121983e-01,-4.890096469218257469e-01,-1.336306209562121983e-01,-1.336306209562121983e-01,6.519202405202649819e-01,-6.246950475544241765e-01,-1.336306209562121983e-01,-5.163977794943221955e-01,-5.163977794943221955e-01,1.261312447773782708e+00,-4.890096469218256914e-01,-5.976143046671966719e-01,0.000000000000000000e+00
-4.455220123602626758e-01,-4.204991951035246256e-01,-7.897439900734989360e-01,-9.093402770014729075e-01,-4.890096469218256914e-01,-2.747211278973780701e-01,3.224903099319419653e+00,-4.040610178208842718e-01,-5.163977794943221955e-01,-3.741657386773941107e-01,-3.429971702850176385e-01,-1.906925178491184480e-01,-1.336306209562121983e-01,-1.336306209562121983e-01,-3.741657386773941663e-01,1.533929977694740820e+00,-6.519202405202648709e-01,-4.890096469218257469e-01,-2.357022603955158113e-01,-1.906925178491184480e-01,-2.357022603955158113e-01,-3.100868364730211546e-01,-4.612656040144424985e-01,-5.163977794943221955e-01,-5.435573065046089836e-01,-1.336306209562121983e-01,2.044949432582180648e+00,-1.336306209562121983e-01,-1.336306209562121983e-01,6.519202405202649819e-01,-6.246950475544241765e-01,-1.336306209562121983e-01,-5.163977794943221955e-01,-5.163977794943221955e-01,1.261312447773782708e+00,-4.890096469218256914e-01,-5.976143046671966719e-01,0.000000000000000000e+00
4.825323738208346647e-02,7.432892440639767839e-01,7.242074743120168190e-01,6.482106947524243212e-01,-4.890096469218256914e-01,-2.747211278973780701e-01,-3.100868364730210991e-01,-4.040610178208842718e-01,1.936491673103708511e+00,-3.741657386773941107e-01,-3.429971702850176385e-01,-1.906925178491184480e-01,-1.336306209562121983e-01,-1.336306209562121983e-01,-3.741657386773941663e-01,-6.519202405202648709e-01,1.533929977694740820e+00,-4.890096469218257469e-01,-2.357022603955158113e-01,-1.906925178491184480e-01,-2.357022603955158113e-01,-3.100868364730211546e-01,-4.612656040144424985e-01,1.936491673103708511e+00,-5.435573065046089836e-01,-1.336306209562121983e-01,-4.890096469218257469e-01,-1.336306209562121983e-01,-1.336306209562121983e-01,6.519202405202649819e-01,-6.246950475544241765e-01,-1.336306209562121983e-01,1.936491673103708511e+00,-5.163977794943221955e-01,-7.928249671720919434e-01,-4.890096469218256914e-01,1.673320053068150903e+00,0.000000000000000000e+00
5.093459459380405008e-01,1.122387547716635625e+00,3.081836214953358466e-01,1.196736264958530471e+00,-4.890096469218256914e-01,-2.747211278973780701e-01,-3.100868364730210991e-01,2.474873734152916338e+00,-5.163977794943221955e-01,-3.741657386773941107e-01,-3.429971702850176385e-01,-1.906925178491184480e-01,-1.336306209562121983e-01,-1.336306209562121983e-01,-3.741657386773941663e-01,1.533929977694740820e+00,-6.519202405202648709e-01,-4.890096469218257469e-01,-2.357022603955158113e-01,-1.906925178491184480e-01,-2.357022603955158113e-01,-3.100868364730211546e-01,-4.612656040144424985e-01,-5.163977794943221955e-01,-5.435573065046089836e-01,7.483314773547883547e+00,-4.890096469218257469e-01,-1.336306209562121983e-01,-1.336306209562121983e-01,6.519202405202649819e-01,-6.246950475544241765e-01,-1.336306209562121983e-01,-5.163977794943221955e-01,-5.163977794943221955e-01,1.261312447773782708e+00,-4.890096469218256914e-01,-5.976143046671966719e-01,0.000000000000000000e+00
-5.125503869911123278e-01,5.164083024878620698e-01,-7.125449773854111157e-01,6.193310915223521756e-02,-4.890096469218256914e-01,-2.747211278973780701e-01,-3.100868364730210991e-01,-4.040610178208842718e-01,1.936491673103708511e+00,-3.741657386773941107e-01,-3.429971702850176385e-01,-1.906925178491184480e-01,-1.336306209562121983e-01,-1.336306209562121983e-01,-3.741657386773941663e-01,1.533929977694740820e+00,-6.519202405202648709e-01,-4.890096469218257469e-01,-2.357022603955158113e-01,-1.906925178491184480e-01,-2.357022603955158113e-01,-3.100868364730211546e-01,-4.612656040144424985e-01,1.936491673103708511e+00,-5.435573065046089836e-01,-1.336306209562121983e-01,-4.890096469218257469e-01,-1.336306209562121983e-01,-1.336306209562121983e-01,-1.533929977694740820e+00,1.600781059358212133e+00,-1.336306209562121983e-01,-5.163977794943221955e-01,-5.163977794943221955e-01,1.261312447773782708e+00,-4.890096469218256914e-01,1.673320053068150903e+00,0.000000000000000000e+00
-4.569947385967426667e-01,-5.871675725670824075e-01,-5.511402344881123350e-01,-6.903038312496649898e-01,-4.890096469218256914e-01,-2.747211278973780701e-01,-3.100868364730210991e-01,-4.040610178208842718e-01,-5.163977794943221955e-01,-3.741657386773941107e-01,2.915475947422649927e+00,-1.906925178491184480e-01,-1.336306209562121983e-01,-1.336306209562121983e-01,-3.741657386773941663e-01,1.533929977694740820e+00,-6.519202405202648709e-01,-4.890096469218257469e-01,-2.357022603955158113e-01,-1.906925178491184480e-01,-2.357022603955158113e-01,-3.100868364730211546e-01,2.167948338867879965e+00,-5.163977794943221955e-01,-5.435573065046089836e-01,-1.336306209562121983e-01,-4.890096469218257469e-01,-1.336306209562121983e-01,-1.336306209562121983e-01,6.519202405202649819e-01,-6.246950475544241765e-01,-1.336306209562121983e-01,-5.163977794943221955e-01,-5.163977794943221955e-01,1.261312447773782708e+00,-4.890096469218256914e-01,-5.976143046671966719e-01,1.000000000000000000e+00
-5.283794012013354191e-01,1.353831967836014449e-01,1.950751815114923349e-01,-2.814843253067556700e-02,-4.890096469218256914e-01,3.640054944640259471e+00,-3.100868364730210991e-01,-4.040610178208842718e-01,-5.163977794943221955e-01,-3.741657386773941107e-01,-3.429971702850176385e-01,-1.906925178491184480e-01,-1.336306209562121983e-01,-1.336306209562121983e-01,-3.741657386773941663e-01,-6.519202405202648709e-01,-6.519202405202648709e-01,2.044949432582180648e+00,-2.357022603955158113e-01,-1.906925178491184480e-01,-2.357022603955158113e-01,-3.100868364730211546e-01,-4.612656040144424985e-01,-5.163977794943221955e-01,1.839732422015599722e+00,-1.336306209562121983e-01,-4.890096469218257469e-01,-1.336306209562121983e-01,-1.336306209562121983e-01,-1.533929977694740820e+00,1.600781059358212133e+00,-1.336306209562121983e-01,-5.163977794943221955e-01,1.936491673103708511e+00,-7.928249671720919434e-01,-4.890096469218256914e-01,-5.976143046671966719e-01,1.000000000000000000e+00
-5.846889975589891764e-01,-4.768581551128779905e-01,-9.532757722182815252e-01,-6.579716596497821035e-01,-4.890096469218256914e-01,-2.747211278973780701e-01,-3.100868364730210991e-01,-4.040610178208842718e-01,-5.163977794943221955e-01,-3.741657386773941107e-01,2.915475947422649927e+00,-1.906925178491184480e-01,-1.336306209562121983e-01,-1.336306209562121983e-01,-3.741657386773941663e-01,-6.519202405202648709e-01,-6.519202405202648709e-01,2.044949432582180648e+00,-2.357022603955158113e-01,-1.906925178491184480e-01,4.242640687119284770e+00,-3.100868364730211546e-01,-4.612656040144424985e-01,-5.163977794943221955e-01,-5.435573065046089836e-01,-1.336306209562121983e-01,-4.890096469218257469e-01,-1.336306209562121983e-01,-1.336306209562121983e-01,6.519202405202649819e-01,-6.246950475544241765e-01,-1.336306209562121983e-01,-5.163977794943221955e-01,-5.163977794943221955e-01,1.261312447773782708e+00,-4.890096469218256914e-01,1.673320053068150903e+00,1.000000000000000000e+00
4.527764905792720507e-01,7.105336091867457959e-01,1.944495817328206477e-01,1.155993990919371495e+00,-4.890096469218256914e-01,-2.747211278973780701e-01,3.224903099319419653e+00,-4.040610178208842718e-01,-5.163977794943221955e-01,-3.741657386773941107e-01,-3.429971702850176385e-01,-1.906925178491184480e-01,-1.336306209562121983e-01,-1.336306209562121983e-01,2.672612419124244187e+00,-6.519202405202648709e-01,-6.519202405202648709e-01,-4.890096469218257469e-01,-2.357022603955158113e-01,-1.906925178491184480e-01,-2.357022603955158113e-01,-3.100868364730211546e-01,-4.612656040144424985e-01,-5.163977794943221955e-01,-5.435573065046089836e-01,-1.336306209562121983e-01,2.044949432582180648e+00,-1.336306209562121983e-01,-1.336306209562121983e-01,-1.533929977694740820e+00,1.600781059358212133e+00,-1.336306209562121983e-01,-5.163977794943221955e-01,-5.163977794943221955e-01,1.261312447773782708e+00,-4.890096469218256914e-01,-5.976143046671966719e-01,1.000000000000000000e+00
-3.287288547156895779e-01,-1.428216668091278452e+00,-1.077144528395278300e+00,-9.480267482221420572e-01,-4.890096469218256914e-01,-2.747211278973780701e-01,-3.100868364730210991e-01,-4.040610178208842718e-01,-5.163977794943221955e-01,-3.741657386773941107e-01,-3.429971702850176385e-01,-1.906925178491184480e-01,-1.336306209562121983e-01,7.483314773547883547e+00,2.672612419124244187e+00,-6.519202405202648709e-01,-6.519202405202648709e-01,-4.890096469218257469e-01,-2.357022603955158113e-01,-1.906925178491184480e-01,4.242640687119284770e+00,-3.100868364730211546e-01,-4.612656040144424985e-01,-5.163977794943221955e-01,-5.435573065046089836e-01,-1.336306209562121983e-01,-4.890096469218257469e-01,-1.336306209562121983e-01,-1.336306209562121983e-01,6.519202405202649819e-01,-6.246950475544241765e-01,-1.336306209562121983e-01,-5.163977794943221955e-01,-5.163977794943221955e-01,1.261312447773782708e+00,-4.890096469218256914e-01,-5.976143046671966719e-01,1.000000000000000000e+00
-5.348054774735951922e-01,-1.472051414765219945e+00,-1.531830447533870432e+00,-1.904535732315788099e+00,-4.890096469218256914e-01,-2.747211278973780701e-01,-3.100868364730210991e-01,-4.040610178208842718e-01,-5.163977794943221955e-01,-3.741657386773941107e-01,2.915475947422649927e+00,-1.906925178491184480e-01,-1.336306209562121983e-01,-1.336306209562121983e-01,-3.741657386773941663e-01,-6.519202405202648709e-01,1.533929977694740820e+00,-4.890096469218257469e-01,-2.357022603955158113e-01,-1.906925178491184480e-01,-2.357022603955158113e-01,3.224903099319420097e+00,-4.612656040144424985e-01,-5.163977794943221955e-01,-5.435573065046089836e-01,-1.336306209562121983e-01,-4.890096469218257469e-01,-1.336306209562121983e-01,-1.336306209562121983e-01,6.519202405202649819e-01,-6.246950475544241765e-01,-1.336306209562121983e-01,-5.163977794943221955e-01,-5.163977794943221955e-01,-7.928249671720919434e-01,2.044949432582180204e+00,-5.976143046671966719e-01,1.000000000000000000e+00
-4.566433936551606010e-01,-4.672241448548688503e-01,-6.626221150474093102e-01,-6.488139925492372173e-01,-4.890096469218256914e-01,-2.747211278973780701e-01,-3.100868364730210991e-01,-4.040610178208842718e-01,-5.163977794943221955e-01,2.672612419124243743e+00,-3.429971702850176385e-01,-1.906925178491184480e-01,-1.336306209562121983e-01,-1.336306209562121983e-01,-3.741657386773941663e-01,1.533929977694740820e+00,-6.519202405202648709e-01,-4.890096469218257469e-01,-2.357022603955158113e-01,-1.906925178491184480e-01,-2.357022603955158113e-01,-3.100868364730211546e-01,2.167948338867879965e+00,-5.163977794943221955e-01,-5.435573065046089836e-01,-1.336306209562121983e-01,-4.890096469218257469e-01,-1.336306209562121983e-01,-1.336306209562121983e-01,-1.533929977694740820e+00,1.600781059358212133e+00,-1.336306209562121983e-01,-5.163977794943221955e-01,-5.163977794943221955e-01,1.261312447773782708e+00,-4.890096469218256914e-01,-5.976143046671966719e-01,1.000000000000000000e+00
1.277534571785116313e+00,2.617104239246750286e+00,3.108743590697071291e+00,2.105588001896279593e+00,-4.890096469218256914e-01,-2.747211278973780701e-01,-3.100868364730210991e-01,-4.040610178208842718e-01,1.936491673103708511e+00,-3.741657386773941107e-01,-3.429971702850176385e-01,-1.906925178491184480e-01,-1.336306209562121983e-01,-1.336306209562121983e-01,-3.741657386773941663e-01,1.533929977694740820e+00,-6.519202405202648709e-01,-4.890096469218257469e-01,-2.357022603955158113e-01,-1.906925178491184480e-01,-2.357022603955158113e-01,-3.100868364730211546e-01,-4.612656040144424985e-01,-5.163977794943221955e-01,1.839732422015599722e+00,-1.336306209562121983e-01,-4.890096469218257469e-01,-1.336306209562121983e-01,-1.336306209562121983e-01,6.519202405202649819e-01,-6.246950475544241765e-01,-1.336306209562121983e-01,-5.163977794943221955e-01,-5.163977794943221955e-01,-7.928249671720919434e-01,2.044949432582180204e+00,-5.976143046671966719e-01,1.000000000000000000e+00
-2.430237226638991277e-01,4.417447229882913717e-01,1.307635242640415030e-01,1.826648019471737439e-01,-4.890096469218256914e-01,-2.747211278973780701e-01,-3.100868364730210991e-01,-4.040610178208842718e-01,-5.163977794943221955e-01,2.672612419124243743e+00,-3.429971702850176385e-01,-1.906925178491184480e-01,-1.336306209562121983e-01,-1.336306209562121983e-01,-3.741657386773941663e-01,1.533929977694740820e+00,-6.519202405202648709e-01,-4.890096469218257469e-01,-2.357022603955158113e-01,-1.906925178491184480e-01,-2.357022603955158113e-01,-3.100868364730211546e-01,-4.612656040144424985e-01,1.936491673103708511e+00,-5.435573065046089836e-01,-1.336306209562121983e-01,-4.890096469218257469e-01,-1.336306209562121983e-01,-1.336306209562121983e-01,6.519202405202649819e-01,-6.246950475544241765e-01,-1.336306209562121983e-01,1.936491673103708511e+00,-5.163977794943221955e-01,-7.928249671720919434e-01,-4.890096469218256914e-01,-5.976143046671966719e-01,1.000000000000000000e+00
-2.297540438591615386e-01,4.224767024722731468e-01,6.457506768057556801e-02,3.594638443372849546e-01,2.044949432582180204e+00,-2.747211278973780701e-01,-3.100868364730210991e-01,-4.040610178208842718e-01,-5.163977794943221955e-01,-3.741657386773941107e-01,-3.429971702850176385e-01,-1.906925178491184480e-01,-1.336306209562121983e-01,-1.336306209562121983e-01,-3.741657386773941663e-01,-6.519202405202648709e-01,1.533929977694740820e+00,-4.890096469218257469e-01,-2.357022603955158113e-01,-1.906925178491184480e-01,-2.357022603955158113e-01,-3.100868364730211546e-01,-4.612656040144424985e-01,-5.163977794943221955e-01,-5.435573065046089836e-01,-1.336306209562121983e-01,2.044949432582180648e+00,-1.336306209562121983e-01,-1.336306209562121983e-01,-1.533929977694740820e+00,1.600781059358212133e+00,-1.336306209562121983e-01,1.936491673103708511e+00,-5.163977794943221955e-01,-7.928249671720919434e-01,-4.890096469218256914e-01,-5.976143046671966719e-01,1.000000000000000000e+00
-4.975973019981297374e-01,2.948260665536523439e-01,-1.102919239276552332e+00,-9.272424833634097113e-03,-4.890096469218256914e-01,-2.747211278973780701e-01,-3.100868364730210991e-01,-4.040610178208842718e-01,-5.163977794943221955e-01,-3.741657386773941107e-01,-3.429971702850176385e-01,5.244044240850757710e+00,-1.336306209562121983e-01,-1.336306209562121983e-01,2.672612419124244187e+00,-6.519202405202648709e-01,-6.519202405202648709e-01,-4.890096469218257469e-01,-2.357022603955158113e-01,-1.906925178491184480e-01,-2.357022603955158113e-01,-3.100868364730211546e-01,2.167948338867879965e+00,-5.163977794943221955e-01,-5.435573065046089836e-01,-1.336306209562121983e-01,-4.890096469218257469e-01,-1.336306209562121983e-01,-1.336306209562121983e-01,6.519202405202649819e-01,-6.246950475544241765e-01,-1.336306209562121983e-01,-5.163977794943221955e-01,-5.163977794943221955e-01,1.261312447773782708e+00,-4.890096469218256914e-01,1.673320053068150903e+00,1.000000000000000000e+00
-4.703241103555440561e-01,2.264245937217876092e-01,6.201076711410458131e-01,-4.309972575605495321e-02,2.044949432582180204e+00,-2.747211278973780701e-01,-3.100868364730210991e-01,-4.040610178208842718e-01,-5.163977794943221955e-01,-3.741657386773941107e-01,-3.429971702850176385e-01,-1.906925178491184480e-01,-1.336306209562121983e-01,-1.336306209562121983e-01,-3.741657386773941663e-01,1.533929977694740820e+00,-6.519202405202648709e-01,-4.890096469218257469e-01,-2.357022603955158113e-01,-1.906925178491184480e-01,-2.357022603955158113e-01,-3.100868364730211546e-01,-4.612656040144424985e-01,-5.163977794943221955e-01,-5.435573065046089836e-01,-1.336306209562121983e-01,-4.890096469218257469e-01,7.483314773547883547e+00,-1.336306209562121983e-01,-1.533929977694740820e+00,1.600781059358212133e+00,-1.336306209562121983e-01,-5.163977794943221955e-01,-5.163977794943221955e-01,1.261312447773782708e+00,-4.890096469218256914e-01,1.673320053068150903e+00,1.000000000000000000e+00
3.963139391372855425e+00,-1.440031006986629836e-01,1.975407031655418200e+00,9.638698729732464443e-01,-4.890096469218256914e-01,-2.747211278973780701e-01,-3.100868364730210991e-01,-4.040610178208842718e-01,1.936491673103708511e+00,-3.741657386773941107e-01,-3.429971702850176385e-01,-1.906925178491184480e-01,-1.336306209562121983e-01,-1.336306209562121983e-01,-3.741657386773941663e-01,1.533929977694740820e+00,-6.519202405202648709e-01,-4.890096469218257469e-01,-2.357022603955158113e-01,-1.906925178491184480e-01,-2.357022603955158113e-01,-3.100868364730211546e-01,-4.612656040144424985e-01,-5.163977794943221955e-01,1.839732422015599722e+00,-1.336306209562121983e-01,-4.890096469218257469e-01,-1.336306209562121983e-01,-1.336306209562121983e-01,6.519202405202649819e-01,-6.246950475544241765e-01,-1.336306209562121983e-01,-5.163977794943221955e-01,-5.163977794943221955e-01,-7.928249671720919434e-01,2.044949432582180204e+00,-5.976143046671966719e-01,1.000000000000000000e+00
-5.211559049231581087e-01,-1.116074735731782841e+00,-7.746044754296438350e-01,-1.496178536097613643e+00,-4.890096469218256914e-01,-2.747211278973780701e-01,-3.100868364730210991e-01,2.474873734152916338e+00,-5.163977794943221955e-01,-3.741657386773941107e-01,-3.429971702850176385e-01,-1.906925178491184480e-01,-1.336306209562121983e-01,-1.336306209562121983e-01,-3.741657386773941663e-01,-6.519202405202648709e-01,1.533929977694740820e+00,-4.890096469218257469e-01,-2.357022603955158113e-01,-1.906925178491184480e-01,-2.357022603955158113e-01,-3.100868364730211546e-01,-4.612656040144424985e-01,-5.163977794943221955e-01,1.839732422015599722e+00,-1.336306209562121983e-01,-4.890096469218257469e-01,-1.336306209562121983e-01,-1.336306209562121983e-01,6.519202405202649819e-01,-6.246950475544241765e-01,-1.336306209562121983e-01,-5.163977794943221955e-01,-5.163977794943221955e-01,1.261312447773782708e+00,-4.890096469218256914e-01,-5.976143046671966719e-01,1.000000000000000000e+00
7.908594582895195346e-02,1.838676210399613487e+00,3.307052135275170834e-01,1.275230554391772131e+00,2.044949432582180204e+00,-2.747211278973780701e-01,-3.100868364730210991e-01,-4.040610178208842718e-01,-5.163977794943221955e-01,-3.741657386773941107e-01,-3.429971702850176385e-01,-1.906925178491184480e-01,-1.336306209562121983e-01,-1.336306209562121983e-01,-3.741657386773941663e-01,-6.519202405202648709e-01,-6.519202405202648709e-01,2.044949432582180648e+00,-2.357022603955158113e-01,-1.906925178491184480e-01,-2.357022603955158113e-01,-3.100868364730211546e-01,-4.612656040144424985e-01,-5.163977794943221955e-01,-5.435573065046089836e-01,-1.336306209562121983e-01,2.044949432582180648e+00,-1.336306209562121983e-01,-1.336306209562121983e-01,6.519202405202649819e-01,-6.246950475544241765e-01,-1.336306209562121983e-01,-5.163977794943221955e-01,-5.163977794943221955e-01,-7.928249671720919434e-01,2.044949432582180204e+00,-5.976143046671966719e-01,1.000000000000000000e+00
-6.270525842098155500e-02,-6.762821674536667604e-01,-5.631517502386089724e-01,-9.229833320696316790e-01,-4.890096469218256914e-01,-2.747211278973780701e-01,-3.100868364730210991e-01,-4.040610178208842718e-01,1.936491673103708511e+00,-3.741657386773941107e-01,-3.429971702850176385e-01,-1.906925178491184480e-01,-1.336306209562121983e-01,-1.336306209562121983e-01,-3.741657386773941663e-01,1.533929977694740820e+00,-6.519202405202648709e-01,-4.890096469218257469e-01,-2.357022603955158113e-01,-1.906925178491184480e-01,-2.357022603955158113e-01,-3.100868364730211546e-01,-4.612656040144424985e-01,-5.163977794943221955e-01,1.839732422015599722e+00,-1.336306209562121983e-01,-4.890096469218257469e-01,-1.336306209562121983e-01,-1.336306209562121983e-01,6.519202405202649819e-01,-6.246950475544241765e-01,-1.336306209562121983e-01,-5.163977794943221955e-01,-5.163977794943221955e-01,-7.928249671720919434e-01,2.044949432582180204e+00,1.673320053068150903e+00,1.000000000000000000e+00
-2.982309458807441693e-01,-8.405420423527222296e-01,-4.835754583915686244e-01,-4.910778490214847136e-01,-4.890096469218256914e-01,-2.747211278973780701e-01,-3.100868364730210991e-01,-4.040610178208842718e-01,-5.163977794943221955e-01,-3.741657386773941107e-01,-3.429971702850176385e-01,-1.906925178491184480e-01,7.483314773547883547e+00,-1.336306209562121983e-01,2.672612419124244187e+00,-6.519202405202648709e-01,-6.519202405202648709e-01,-4.890096469218257469e-01,-2.357022603955158113e-01,-1.906925178491184480e-01,-2.357022603955158113e-01,3.224903099319420097e+00,-4.612656040144424985e-01,-5.163977794943221955e-01,-5.435573065046089836e-01,-1.336306209562121983e-01,-4.890096469218257469e-01,-1.336306209562121983e-01,-1.336306209562121983e-01,6.519202405202649819e-01,-6.246950475544241765e-01,-1.336306209562121983e-01,-5.163977794943221955e-01,-5.163977794943221955e-01,1.261312447773782708e+00,-4.890096469218256914e-01,-5.976143046671966719e-01,1.000000000000000000e+00
-4.420925872656514821e-01,-3.352382043201439510e-01,-5.425069575424428248e-01,-6.411514547712302559e-01,-4.890096469218256914e-01,-2.747211278973780701e-01,-3.100868364730210991e-01,-4.040610178208842718e-01,1.936491673103708511e+00,-3.741657386773941107e-01,-3.429971702850176385e-01,-1.906925178491184480e-01,-1.336306209562121983e-01,-1.336306209562121983e-01,-3.741657386773941663e-01,-6.519202405202648709e-01,1.533929977694740820e+00,-4.890096469218257469e-01,-2.357022603955158113e-01,-1.906925178491184480e-01,-2.357022603955158113e-01,-3.100868364730211546e-01,-4.612656040144424985e-01,1.936491673103708511e+00,-5.435573065046089836e-01,-1.336306209562121983e-01,-4.890096469218257469e-01,-1.336306209562121983e-01,-1.336306209562121983e-01,6.519202405202649819e-01,-6.246950475544241765e-01,-1.336306209562121983e-01,-5.163977794943221955e-01,-5.163977794943221955e-01,1.261312447773782708e+00,-4.890096469218256914e-01,-5.976143046671966719e-01,1.000000000000000000e+00
-5.592244375408910173e-01,-2.829001759605803912e+00,-1.628548173316515246e+00,-1.585138730788621109e+00,2.044949432582180204e+00,-2.747211278973780701e-01,-3.100868364730210991e-01,-4.040610178208842718e-01,-5.163977794943221955e-01,-3.741657386773941107e-01,-3.429971702850176385e-01,-1.906925178491184480e-01,-1.336306209562121983e-01,-1.336306209562121983e-01,-3.741657386773941663e-01,1.533929977694740820e+00,-6.519202405202648709e-01,-4.890096469218257469e-01,-2.357022603955158113e-01,-1.906925178491184480e-01,-2.357022603955158113e-01,-3.100868364730211546e-01,-4.612656040144424985e-01,-5.163977794943221955e-01,-5.435573065046089836e-01,-1.336306209562121983e-01,2.044949432582180648e+00,-1.336306209562121983e-01,-1.336306209562121983e-01,-1.533929977694740820e+00,-6.246950475544241765e-01,7.483314773547883547e+00,-5.163977794943221955e-01,-5.163977794943221955e-01,1.261312447773782708e+00,-4.890096469218256914e-01,-5.976143046671966719e-01,1.000000000000000000e+00
-4.425441774398733430e-01,-2.875498535429988345e-01,-4.616794661380591025e-01,-5.069635980734502612e-01,-4.890096469218256914e-01,-2.747211278973780701e-01,-3.100868364730210991e-01,2.474873734152916338e+00,-5.163977794943221955e-01,-3.741657386773941107e-01,-3.429971702850176385e-01,-1.906925178491184480e-01,-1.336306209562121983e-01,-1.336306209562121983e-01,-3.741657386773941663e-01,-6.519202405202648709e-01,1.533929977694740820e+00,-4.890096469218257469e-01,-2.357022603955158113e-01,-1.906925178491184480e-01,-2.357022603955158113e-01,-3.100868364730211546e-01,-4.612656040144424985e-01,-5.163977794943221955e-01,1.839732422015599722e+00,-1.336306209562121983e-01,-4.890096469218257469e-01,-1.336306209562121983e-01,-1.336306209562121983e-01,6.519202405202649819e-01,-6.246950475544241765e-01,-1.336306209562121983e-01,1.936491673103708511e+00,-5.163977794943221955e-01,-7.928249671720919434e-01,-4.890096469218256914e-01,-5.976143046671966719e-01,1.000000000000000000e+00
-4.798649260406656625e-01,1.028455947701046647e+00,2.440227667208492157e+00,2.597485549011261163e+00,-4.890096469218256914e-01,-2.747211278973780701e-01,3.224903099319419653e+00,-4.040610178208842718e-01,-5.163977794943221955e-01,-3.741657386773941107e-01,-3.429971702850176385e-01,-1.906925178491184480e-01,-1.336306209562121983e-01,-1.336306209562121983e-01,-3.741657386773941663e-01,-6.519202405202648709e-01,1.533929977694740820e+00,-4.890096469218257469e-01,-2.357022603955158113e-01,-1.906925178491184480e-01,-2.357022603955158113e-01,-3.100868364730211546e-01,-4.612656040144424985e-01,-5.163977794943221955e-01,1.839732422015599722e+00,-1.336306209562121983e-01,-4.890096469218257469e-01,-1.336306209562121983e-01,-1.336306209562121983e-01,-1.533929977694740820e+00,1.600781059358212133e+00,-1.336306209562121983e-01,-5.163977794943221955e-01,-5.163977794943221955e-01,-7.928249671720919434e-01,2.044949432582180204e+00,1.673320053068150903e+00,1.000000000000000000e+00
-4.326568830865987758e-01,-5.939113797476888168e-01,-3.375604700495936639e-01,-4.236101383419602628e-01,-4.890096469218256914e-01,-2.747211278973780701e-01,-3.100868364730210991e-01,-4.040610178208842718e-01,-5.163977794943221955e-01,-3.741657386773941107e-01,2.915475947422649927e+00,-1.906925178491184480e-01,-1.336306209562121983e-01,-1.336306209562121983e-01,-3.741657386773941663e-01,-6.519202405202648709e-01,1.533929977694740820e+00,-4.890096469218257469e-01,-2.357022603955158113e-01,-1.906925178491184480e-01,-2.357022603955158113e-01,3.224903099319420097e+00,-4.612656040144424985e-01,-5.163977794943221955e-01,-5.435573065046089836e-01,-1.336306209562121983e-01,-4.890096469218257469e-01,-1.336306209562121983e-01,-1.336306209562121983e-01,6.519202405202649819e-01,-6.246950475544241765e-01,-1.336306209562121983e-01,-5.163977794943221955e-01,-5.163977794943221955e-01,1.261312447773782708e+00,-4.890096469218256914e-01,-5.976143046671966719e-01,1.000000000000000000e+00
-1.853278872154050516e-01,1.112981711385786499e-01,-4.640633305578414219e-02,2.623689657664193819e-02,-4.890096469218256914e-01,-2.747211278973780701e-01,-3.100868364730210991e-01,-4.040610178208842718e-01,1.936491673103708511e+00,-3.741657386773941107e-01,-3.429971702850176385e-01,-1.906925178491184480e-01,-1.336306209562121983e-01,-1.336306209562121983e-01,-3.741657386773941663e-01,1.533929977694740820e+00,-6.519202405202648709e-01,-4.890096469218257469e-01,-2.357022603955158113e-01,-1.906925178491184480e-01,-2.357022603955158113e-01,-3.100868364730211546e-01,-4.612656040144424985e-01,1.936491673103708511e+00,-5.435573065046089836e-01,-1.336306209562121983e-01,-4.890096469218257469e-01,-1.336306209562121983e-01,-1.336306209562121983e-01,-1.533929977694740820e+00,1.600781059358212133e+00,-1.336306209562121983e-01,1.936491673103708511e+00,-5.163977794943221955e-01,-7.928249671720919434e-01,-4.890096469218256914e-01,-5.976143046671966719e-01,1.000000000000000000e+00
-5.867140161419579503e-01,-1.456636998352405232e+00,-1.131821949051184939e+00,-1.079971910936115220e+00,-4.890096469218256914e-01,-2.747211278973780701e-01,-3.100868364730210991e-01,-4.040610178208842718e-01,-5.163977794943221955e-01,2.672612419124243743e+00,-3.429971702850176385e-01,-1.906925178491184480e-01,-1.336306209562121983e-01,-1.336306209562121983e-01,-3.741657386773941663e-01,-6.519202405202648709e-01,1.533929977694740820e+00,-4.890096469218257469e-01,-2.357022603955158113e-01,-1.906925178491184480e-01,-2.357022603955158113e-01,-3.100868364730211546e-01,2.167948338867879965e+00,-5.163977794943221955e-01,-5.435573065046089836e-01,-1.336306209562121983e-01,-4.890096469218257469e-01,-1.336306209562121983e-01,-1.336306209562121983e-01,6.519202405202649819e-01,-6.246950475544241765e-01,-1.336306209562121983e-01,-5.163977794943221955e-01,-5.163977794943221955e-01,1.261312447773782708e+00,-4.890096469218256914e-01,-5.976143046671966719e-01,1.000000000000000000e+00
-5.549401704138987590e-01,-4.595169366484615492e-01,-1.399954014189875862e+00,-9.579319799839559613e-01,-4.890096469218256914e-01,-2.747211278973780701e-01,-3.100868364730210991e-01,-4.040610178208842718e-01,-5.163977794943221955e-01,2.672612419124243743e+00,-3.429971702850176385e-01,-1.906925178491184480e-01,-1.336306209562121983e-01,-1.336306209562121983e-01,-3.741657386773941663e-01,-6.519202405202648709e-01,1.533929977694740820e+00,-4.890096469218257469e-01,-2.357022603955158113e-01,-1.906925178491184480e-01,-2.357022603955158113e-01,-3.100868364730211546e-01,2.167948338867879965e+00,-5.163977794943221955e-01,-5.435573065046089836e-01,-1.336306209562121983e-01,-4.890096469218257469e-01,-1.336306209562121983e-01,-1.336306209562121983e-01,6.519202405202649819e-01,-6.246950475544241765e-01,-1.336306209562121983e-01,-5.163977794943221955e-01,-5.163977794943221955e-01,1.261312447773782708e+00,-4.890096469218256914e-01,-5.976143046671966719e-01,1.000000000000000000e+00
-4.259534292288794655e-01,-4.766299811857179630e-02,7.949002493019190485e-01,-5.636899849357915326e-02,-4.890096469218256914e-01,-2.747211278973780701e-01,-3.100868364730210991e-01,-4.040610178208842718e-01,1.936491673103708511e+00,-3.741657386773941107e-01,-3.429971702850176385e-01,-1.906925178491184480e-01,-1.336306209562121983e-01,-1.336306209562121983e-01,-3.741657386773941663e-01,1.533929977694740820e+00,-6.519202405202648709e-01,-4.890096469218257469e-01,-2.357022603955158113e-01,-1.906925178491184480e-01,-2.357022603955158113e-01,-3.100868364730211546e-01,-4.612656040144424985e-01,-5.163977794943221955e-01,1.839732422015599722e+00,-1.336306209562121983e-01,-4.890096469218257469e-01,-1.336306209562121983e-01,-1.336306209562121983e-01,6.519202405202649819e-01,-6.246950475544241765e-01,-1.336306209562121983e-01,-5.163977794943221955e-01,1.936491673103708511e+00,-7.928249671720919434e-01,-4.890096469218256914e-01,-5.976143046671966719e-01,1.000000000000000000e+00
5.924841998605302751e-02,-4.091919093796540785e-02,1.627942329320325732e-01,5.306561517678788364e-01,-4.890096469218256914e-01,-2.747211278973780701e-01,-3.100868364730210991e-01,-4.040610178208842718e-01,-5.163977794943221955e-01,-3.741657386773941107e-01,-3.429971702850176385e-01,5.244044240850757710e+00,-1.336306209562121983e-01,-1.336306209562121983e-01,-3.741657386773941663e-01,-6.519202405202648709e-01,1.533929977694740820e+00,-4.890096469218257469e-01,-2.357022603955158113e-01,-1.906925178491184480e-01,4.242640687119284770e+00,-3.100868364730211546e-01,-4.612656040144424985e-01,-5.163977794943221955e-01,-5.435573065046089836e-01,-1.336306209562121983e-01,-4.890096469218257469e-01,-1.336306209562121983e-01,-1.336306209562121983e-01,6.519202405202649819e-01,-6.246950475544241765e-01,-1.336306209562121983e-01,-5.163977794943221955e-01,-5.163977794943221955e-01,-7.928249671720919434e-01,2.044949432582180204e+00,-5.976143046671966719e-01,1.000000000000000000e+00
-2.706570185402392692e-01,4.482350035831573348e-02,-1.520075756955672208e-01,1.315451500443497700e-02,2.044949432582180204e+00,-2.747211278973780701e-01,-3.100868364730210991e-01,-4.040610178208842718e-01,-5.163977794943221955e-01,-3.741657386773941107e-01,-3.429971702850176385e-01,-1.906925178491184480e-01,-1.336306209562121983e-01,-1.336306209562121983e-01,-3.741657386773941663e-01,-6.519202405202648709e-01,-6.519202405202648709e-01,2.044949432582180648e+00,-2.357022603955158113e-01,-1.906925178491184480e-01,-2.357022603955158113e-01,-3.100868364730211546e-01,-4.612656040144424985e-01,-5.163977794943221955e-01,-5.435573065046089836e-01,-1.336306209562121983e-01,2.044949432582180648e+00,-1.336306209562121983e-01,-1.336306209562121983e-01,6.519202405202649819e-01,-6.246950475544241765e-01,-1.336306209562121983e-01,-5.163977794943221955e-01,-5.163977794943221955e-01,-7.928249671720919434e-01,2.044949432582180204e+00,1.673320053068150903e+00,1.000000000000000000e+00
1.680891135927674862e-01,5.385665260812829702e-01,1.072409725859855556e-01,6.042912709028723794e-01,-4.890096469218256914e-01,-2.747211278973780701e-01,-3.100868364730210991e-01,-4.040610178208842718e-01,1.936491673103708511e+00,-3.741657386773941107e-01,-3.429971702850176385e-01,-1.906925178491184480e-01,-1.336306209562121983e-01,-1.336306209562121983e-01,-3.741657386773941663e-01,1.533929977694740820e+00,-6.519202405202648709e-01,-4.890096469218257469e-01,-2.357022603955158113e-01,-1.906925178491184480e-01,-2.357022603955158113e-01,-3.100868364730211546e-01,-4.612656040144424985e-01,1.936491673103708511e+00,-5.435573065046089836e-01,-1.336306209562121983e-01,-4.890096469218257469e-01,-1.336306209562121983e-01,-1.336306209562121983e-01,-1.533929977694740820e+00,1.600781059358212133e+00,-1.336306209562121983e-01,-5.163977794943221955e-01,-5.163977794943221955e-01,1.261312447773782708e+00,-4.890096469218256914e-01,1.673320053068150903e+00,1.000000000000000000e+00
-1.515251298856337692e-01,9.778773938464987436e-01,3.594828033464153028e-01,3.243283052576433900e-01,-4.890096469218256914e-01,3.640054944640259471e+00,-3.100868364730210991e-01,-4.040610178208842718e-01,-5.163977794943221955e-01,-3.741657386773941107e-01,-3.429971702850176385e-01,-1.906925178491184480e-01,-1.336306209562121983e-01,-1.336306209562121983e-01,2.672612419124244187e+00,-6.519202405202648709e-01,-6.519202405202648709e-01,-4.890096469218257469e-01,-2.357022603955158113e-01,-1.906925178491184480e-01,-2.357022603955158113e-01,-3.100868364730211546e-01,-4.612656040144424985e-01,-5.163977794943221955e-01,-5.435573065046089836e-01,-1.336306209562121983e-01,2.044949432582180648e+00,-1.336306209562121983e-01,-1.336306209562121983e-01,-1.533929977694740820e+00,1.600781059358212133e+00,-1.336306209562121983e-01,-5.163977794943221955e-01,-5.163977794943221955e-01,-7.928249671720919434e-01,2.044949432582180204e+00,1.673320053068150903e+00,1.000000000000000000e+00
-5.370815957655062922e-01,-7.191535131018073068e-01,-4.410346734418929548e-01,-6.542338363434372361e-01,-4.890096469218256914e-01,3.640054944640259471e+00,-3.100868364730210991e-01,-4.040610178208842718e-01,-5.163977794943221955e-01,-3.741657386773941107e-01,-3.429971702850176385e-01,-1.906925178491184480e-01,-1.336306209562121983e-01,-1.336306209562121983e-01,-3.741657386773941663e-01,-6.519202405202648709e-01,-6.519202405202648709e-01,-4.890096469218257469e-01,4.242640687119284770e+00,-1.906925178491184480e-01,-2.357022603955158113e-01,-3.100868364730211546e-01,-4.612656040144424985e-01,1.936491673103708511e+00,-5.435573065046089836e-01,-1.336306209562121983e-01,-4.890096469218257469e-01,-1.336306209562121983e-01,-1.336306209562121983e-01,-1.533929977694740820e+00,1.600781059358212133e+00,-1.336306209562121983e-01,-5.163977794943221955e-01,1.936491673103708511e+00,-7.928249671720919434e-01,-4.890096469218256914e-01,-5.976143046671966719e-01,1.000000000000000000e+00
-4.400886558675422000e-01,-1.165208188047629490e+00,-1.149213622898258125e+00,-1.387594769048295928e+00,-4.890096469218256914e-01,-2.747211278973780701e-01,-3.100868364730210991e-01,-4.040610178208842718e-01,-5.163977794943221955e-01,-3.741657386773941107e-01,2.915475947422649927e+00,-1.906925178491184480e-01,-1.336306209562121983e-01,-1.336306209562121983e-01,-3.741657386773941663e-01,-6.519202405202648709e-01,1.533929977694740820e+00,-4.890096469218257469e-01,-2.357022603955158113e-01,-1.906925178491184480e-01,-2.357022603955158113e-01,3.224903099319420097e+00,-4.612656040144424985e-01,-5.163977794943221955e-01,-5.435573065046089836e-01,-1.336306209562121983e-01,-4.890096469218257469e-01,-1.336306209562121983e-01,-1.336306209562121983e-01,6.519202405202649819e-01,-6.246950475544241765e-01,-1.336306209562121983e-01,-5.163977794943221955e-01,-5.163977794943221955e-01,1.261312447773782708e+00,-4.890096469218256914e-01,1.673320053068150903e+00,1.000000000000000000e+00
-3.866118794820902482e-01,2.063148649411226110e+00,1.845282277691704609e+00,2.015506460213368989e+00,-4.890096469218256914e-01,3.640054944640259471e+00,-3.100868364730210991e-01,-4.040610178208842718e-01,-5.163977794943221955e-01,-3.741657386773941107e-01,-3.429971702850176385e-01,-1.906925178491184480e-01,-1.336306209562121983e-01,-1.336306209562121983e-01,-3.741657386773941663e-01,1.533929977694740820e+00,-6.519202405202648709e-01,-4.890096469218257469e-01,-2.357022603955158113e-01,-1.906925178491184480e-01,-2.357022603955158113e-01,-3.100868364730211546e-01,-4.612656040144424985e-01,-5.163977794943221955e-01,-5.435573065046089836e-01,-1.336306209562121983e-01,2.044949432582180648e+00,-1.336306209562121983e-01,-1.336306209562121983e-01,-1.533929977694740820e+00,1.600781059358212133e+00,-1.336306209562121983e-01,-5.163977794943221955e-01,1.936491673103708511e+00,-7.928249671720919434e-01,-4.890096469218256914e-01,1.673320053068150903e+00,1.000000000000000000e+00
2.166651471123155412e-02,2.630338327022222478e-01,8.075373648310874009e-01,3.450732246078572762e-01,-4.890096469218256914e-01,-2.747211278973780701e-01,3.224903099319419653e+00,-4.040610178208842718e-01,-5.163977794943221955e-01,-3.741657386773941107e-01,-3.429971702850176385e-01,-1.906925178491184480e-01,-1.336306209562121983e-01,-1.336306209562121983e-01,-3.741657386773941663e-01,-6.519202405202648709e-01,-6.519202405202648709e-01,2.044949432582180648e+00,-2.357022603955158113e-01,-1.906925178491184480e-01,-2.357022603955158113e-01,-3.100868364730211546e-01,-4.612656040144424985e-01,1.936491673103708511e+00,-5.435573065046089836e-01,-1.336306209562121983e-01,-4.890096469218257469e-01,-1.336306209562121983e-01,-1.336306209562121983e-01,-1.533929977694740820e+00,1.600781059358212133e+00,-1.336306209562121983e-01,-5.163977794943221955e-01,-5.163977794943221955e-01,1.261312447773782708e+00,-4.890096469218256914e-01,-5.976143046671966719e-01,2.000000000000000000e+00
5.073247636006249728e+00,1.125277750794038356e+00,1.496447841104364240e+00,1.138239330214233513e+00,-4.890096469218256914e-01,-2.747211278973780701e-01,-3.100868364730210991e-01,2.474873734152916338e+00,-5.163977794943221955e-01,-3.741657386773941107e-01,-3.429971702850176385e-01,-1.906925178491184480e-01,-1.336306209562121983e-01,-1.336306209562121983e-01,-3.741657386773941663e-01,-6.519202405202648709e-01,1.533929977694740820e+00,-4.890096469218257469e-01,-2.357022603955158113e-01,-1.906925178491184480e-01,-2.357022603955158113e-01,-3.100868364730211546e-01,-4.612656040144424985e-01,1.936491673103708511e+00,-5.435573065046089836e-01,-1.336306209562121983e-01,-4.890096469218257469e-01,-1.336306209562121983e-01,-1.336306209562121983e-01,-1.533929977694740820e+00,1.600781059358212133e+00,-1.336306209562121983e-01,-5.163977794943221955e-01,1.936491673103708511e+00,-7.928249671720919434e-01,-4.890096469218256914e-01,-5.976143046671966719e-01,2.000000000000000000e+00
-5.519191878691045439e-01,-8.670355705622472264e-01,-4.808228193654131566e-01,-9.564368506614180365e-01,-4.890096469218256914e-01,-2.747211278973780701e-01,-3.100868364730210991e-01,2.474873734152916338e+00,-5.163977794943221955e-01,-3.741657386773941107e-01,-3.429971702850176385e-01,-1.906925178491184480e-01,-1.336306209562121983e-01,-1.336306209562121983e-01,-3.741657386773941663e-01,-6.519202405202648709e-01,-6.519202405202648709e-01,-4.890096469218257469e-01,4.242640687119284770e+00,-1.906925178491184480e-01,-2.357022603955158113e-01,-3.100868364730211546e-01,2.167948338867879965e+00,-5.163977794943221955e-01,-5.435573065046089836e-01,-1.336306209562121983e-01,-4.890096469218257469e-01,-1.336306209562121983e-01,-1.336306209562121983e-01,6.519202405202649819e-01,-6.246950475544241765e-01,-1.336306209562121983e-01,1.936491673103708511e+00,-5.163977794943221955e-01,-7.928249671720919434e-01,-4.890096469218256914e-01,-5.976143046671966719e-01,2.000000000000000000e+00
-5.278243216121877301e-01,-5.144307951191134931e-01,-4.046247663231999914e-01,-1.638314185509934795e-01,-4.890096469218256914e-01,-2.747211278973780701e-01,3.224903099319419653e+00,-4.040610178208842718e-01,-5.163977794943221955e-01,-3.741657386773941107e-01,-3.429971702850176385e-01,-1.906925178491184480e-01,-1.336306209562121983e-01,-1.336306209562121983e-01,-3.741657386773941663e-01,-6.519202405202648709e-01,-6.519202405202648709e-01,-4.890096469218257469e-01,4.242640687119284770e+00,-1.906925178491184480e-01,-2.357022603955158113e-01,-3.100868364730211546e-01,-4.612656040144424985e-01,1.936491673103708511e+00,-5.435573065046089836e-01,-1.336306209562121983e-01,-4.890096469218257469e-01,-1.336306209562121983e-01,-1.336306209562121983e-01,6.519202405202649819e-01,-6.246950475544241765e-01,-1.336306209562121983e-01,1.936491673103708511e+00,-5.163977794943221955e-01,-7.928249671720919434e-01,-4.890096469218256914e-01,-5.976143046671966719e-01,2.000000000000000000e+00
4.763857027479632134e-01,1.639733898571725135e+00,1.647842987542915694e+00,1.752924372942643361e+00,-4.890096469218256914e-01,-2.747211278973780701e-01,-3.100868364730210991e-01,-4.040610178208842718e-01,1.936491673103708511e+00,-3.741657386773941107e-01,-3.429971702850176385e-01,-1.906925178491184480e-01,-1.336306209562121983e-01,-1.336306209562121983e-01,-3.741657386773941663e-01,-6.519202405202648709e-01,-6.519202405202648709e-01,2.044949432582180648e+00,-2.357022603955158113e-01,-1.906925178491184480e-01,-2.357022603955158113e-01,-3.100868364730211546e-01,2.167948338867879965e+00,-5.163977794943221955e-01,-5.435573065046089836e-01,-1.336306209562121983e-01,-4.890096469218257469e-01,-1.336306209562121983e-01,-1.336306209562121983e-01,6.519202405202649819e-01,-6.246950475544241765e-01,-1.336306209562121983e-01,-5.163977794943221955e-01,1.936491673103708511e+00,-7.928249671720919434e-01,-4.890096469218256914e-01,1.673320053068150903e+00,2.000000000000000000e+00
-5.106106904022672532e-01,-2.812877468752928989e-01,-7.523331233089312065e-01,-5.579848862050574843e-01,2.044949432582180204e+00,-2.747211278973780701e-01,-3.100868364730210991e-01,-4.040610178208842718e-01,-5.163977794943221955e-01,-3.741657386773941107e-01,-3.429971702850176385e-01,-1.906925178491184480e-01,-1.336306209562121983e-01,-1.336306209562121983e-01,-3.741657386773941663e-01,1.533929977694740820e+00,-6.519202405202648709e-01,-4.890096469218257469e-01,-2.357022603955158113e-01,-1.906925178491184480e-01,-2.357022603955158113e-01,-3.100868364730211546e-01,-4.612656040144424985e-01,-5.163977794943221955e-01,-5.435573065046089836e-01,-1.336306209562121983e-01,-4.890096469218257469e-01,-1.336306209562121983e-01,7.483314773547883547e+00,6.519202405202649819e-01,-6.246950475544241765e-01,-1.336306209562121983e-01,-5.163977794943221955e-01,-5.163977794943221955e-01,-7.928249671720919434e-01,2.044949432582180204e+00,-5.976143046671966719e-01,2.000000000000000000e+00
-5.748396601384616611e-01,-1.876198145088702418e+00,-6.937769840252601128e-01,-1.022970105514356298e+00,2.044949432582180204e+00,-2.747211278973780701e-01,-3.100868364730210991e-01,-4.040610178208842718e-01,-5.163977794943221955e-01,-3.741657386773941107e-01,-3.429971702850176385e-01,-1.906925178491184480e-01,-1.336306209562121983e-01,-1.336306209562121983e-01,-3.741657386773941663e-01,-6.519202405202648709e-01,-6.519202405202648709e-01,2.044949432582180648e+00,-2.357022603955158113e-01,-1.906925178491184480e-01,-2.357022603955158113e-01,-3.100868364730211546e-01,-4.612656040144424985e-01,-5.163977794943221955e-01,-5.435573065046089836e-01,-1.336306209562121983e-01,2.044949432582180648e+00,-1.336306209562121983e-01,-1.336306209562121983e-01,6.519202405202649819e-01,-6.246950475544241765e-01,-1.336306209562121983e-01,-5.163977794943221955e-01,-5.163977794943221955e-01,-7.928249671720919434e-01,2.044949432582180204e+00,-5.976143046671966719e-01,2.000000000000000000e+00
2.845782913571352490e-01,-1.096325014702864253e+00,9.397167201731565153e-03,-7.288034113050169127e-01,-4.890096469218256914e-01,-2.747211278973780701e-01,-3.100868364730210991e-01,-4.040610178208842718e-01,1.936491673103708511e+00,-3.741657386773941107e-01,-3.429971702850176385e-01,-1.906925178491184480e-01,-1.336306209562121983e-01,-1.336306209562121983e-01,-3.741657386773941663e-01,-6.519202405202648709e-01,1.533929977694740820e+00,-4.890096469218257469e-01,-2.357022603955158113e-01,-1.906925178491184480e-01,-2.357022603955158113e-01,-3.100868364730211546e-01,2.167948338867879965e+00,-5.163977794943221955e-01,-5.435573065046089836e-01,-1.336306209562121983e-01,-4.890096469218257469e-01,-1.336306209562121983e-01,-1.336306209562121983e-01,-1.533929977694740820e+00,1.600781059358212133e+00,-1.336306209562121983e-01,-5.163977794943221955e-01,-5.163977794943221955e-01,1.261312447773782708e+00,-4.890096469218256914e-01,-5.976143046671966719e-01,2.000000000000000000e+00
-5.209122668334738027e-01,2.158271824379775772e-01,1.596662340386740819e-01,3.725462259094918793e-01,-4.890096469218256914e-01,-2.747211278973780701e-01,-3.100868364730210991e-01,2.474873734152916338e+00,-5.163977794943221955e-01,-3.741657386773941107e-01,-3.429971702850176385e-01,-1.906925178491184480e-01,-1.336306209562121983e-01,-1.336306209562121983e-01,-3.741657386773941663e-01,-6.519202405202648709e-01,-6.519202405202648709e-01,2.044949432582180648e+00,-2.357022603955158113e-01,-1.906925178491184480e-01,-2.357022603955158113e-01,-3.100868364730211546e-01,2.167948338867879965e+00,-5.163977794943221955e-01,-5.435573065046089836e-01,-1.336306209562121983e-01,-4.890096469218257469e-01,-1.336306209562121983e-01,-1.336306209562121983e-01,-1.533929977694740820e+00,1.600781059358212133e+00,-1.336306209562121983e-01,-5.163977794943221955e-01,1.936491673103708511e+00,-7.928249671720919434e-01,-4.890096469218256914e-01,-5.976143046671966719e-01,2.000000000000000000e+00
1.441833831631289531e-01,-2.186666801982336261e-01,2.010809393867406814e-01,-4.639786300504845640e-01,-4.890096469218256914e-01,-2.747211278973780701e-01,-3.100868364730210991e-01,-4.040610178208842718e-01,-5.163977794943221955e-01,2.672612419124243743e+00,-3.429971702850176385e-01,-1.906925178491184480e-01,-1.336306209562121983e-01,-1.336306209562121983e-01,-3.741657386773941663e-01,-6.519202405202648709e-01,-6.519202405202648709e-01,2.044949432582180648e+00,-2.357022603955158113e-01,-1.906925178491184480e-01,-2.357022603955158113e-01,3.224903099319420097e+00,-4.612656040144424985e-01,-5.163977794943221955e-01,-5.435573065046089836e-01,-1.336306209562121983e-01,-4.890096469218257469e-01,-1.336306209562121983e-01,-1.336306209562121983e-01,6.519202405202649819e-01,-6.246950475544241765e-01,-1.336306209562121983e-01,1.936491673103708511e+00,-5.163977794943221955e-01,-7.928249671720919434e-01,-4.890096469218256914e-01,-5.976143046671966719e-01,2.000000000000000000e+00
-2.354895148272728722e-02,-2.629831273850755657e-01,-3.919876507940316390e-01,-7.992613806296172685e-01,-4.890096469218256914e-01,-2.747211278973780701e-01,-3.100868364730210991e-01,2.474873734152916338e+00,-5.163977794943221955e-01,-3.741657386773941107e-01,-3.429971702850176385e-01,-1.906925178491184480e-01,-1.336306209562121983e-01,-1.336306209562121983e-01,-3.741657386773941663e-01,-6.519202405202648709e-01,1.533929977694740820e+00,-4.890096469218257469e-01,-2.357022603955158113e-01,-1.906925178491184480e-01,-2.357022603955158113e-01,-3.100868364730211546e-01,-4.612656040144424985e-01,-5.163977794943221955e-01,1.839732422015599722e+00,-1.336306209562121983e-01,-4.890096469218257469e-01,-1.336306209562121983e-01,-1.336306209562121983e-01,6.519202405202649819e-01,-6.246950475544241765e-01,-1.336306209562121983e-01,-5.163977794943221955e-01,1.936491673103708511e+00,-7.928249671720919434e-01,-4.890096469218256914e-01,-5.976143046671966719e-01,2.000000000000000000e+00
1.865484864691740796e+00,1.367091408270067143e+00,1.383714760987723835e+00,1.832353118202471487e+00,-4.890096469218256914e-01,-2.747211278973780701e-01,-3.100868364730210991e-01,-4.040610178208842718e-01,-5.163977794943221955e-01,2.672612419124243743e+00,-3.429971702850176385e-01,-1.906925178491184480e-01,-1.336306209562121983e-01,-1.336306209562121983e-01,2.672612419124244187e+00,-6.519202405202648709e-01,-6.519202405202648709e-01,-4.890096469218257469e-01,-2.357022603955158113e-01,-1.906925178491184480e-01,-2.357022603955158113e-01,-3.100868364730211546e-01,-4.612656040144424985e-01,-5.163977794943221955e-01,1.839732422015599722e+00,-1.336306209562121983e-01,-4.890096469218257469e-01,-1.336306209562121983e-01,-1.336306209562121983e-01,6.519202405202649819e-01,-6.246950475544241765e-01,-1.336306209562121983e-01,1.936491673103708511e+00,-5.163977794943221955e-01,-7.928249671720919434e-01,-4.890096469218256914e-01,-5.976143046671966719e-01,2.000000000000000000e+00
-3.653267995031441173e-01,-7.109646043824995321e-01,-5.732864666530904652e-01,-1.079971910936115220e+00,-4.890096469218256914e-01,-2.747211278973780701e-01,-3.100868364730210991e-01,-4.040610178208842718e-01,-5.163977794943221955e-01,-3.741657386773941107e-01,2.915475947422649927e+00,-1.906925178491184480e-01,-1.336306209562121983e-01,-1.336306209562121983e-01,2.672612419124244187e+00,-6.519202405202648709e-01,-6.519202405202648709e-01,-4.890096469218257469e-01,-2.357022603955158113e-01,-1.906925178491184480e-01,-2.357022603955158113e-01,-3.100868364730211546e-01,-4.612656040144424985e-01,1.936491673103708511e+00,-5.435573065046089836e-01,-1.336306209562121983e-01,-4.890096469218257469e-01,-1.336306209562121983e-01,-1.336306209562121983e-01,6.519202405202649819e-01,-6.246950475544241765e-01,-1.336306209562121983e-01,-5.163977794943221955e-01,1.936491673103708511e+00,-7.928249671720919434e-01,-4.890096469218256914e-01,-5.976143046671966719e-01,3.000000000000000000e+00
7.623340933890655480e-01,3.304719045082860629e-01,4.565758889962632239e-01,4.003930095417609913e-01,-4.890096469218256914e-01,-2.747211278973780701e-01,-3.100868364730210991e-01,-4.040610178208842718e-01,1.936491673103708511e+00,-3.741657386773941107e-01,-3.429971702850176385e-01,-1.906925178491184480e-01,-1.336306209562121983e-01,-1.336306209562121983e-01,-3.741657386773941663e-01,-6.519202405202648709e-01,-6.519202405202648709e-01,2.044949432582180648e+00,-2.357022603955158113e-01,-1.906925178491184480e-01,-2.357022603955158113e-01,-3.100868364730211546e-01,2.167948338867879965e+00,-5.163977794943221955e-01,-5.435573065046089836e-01,-1.336306209562121983e-01,-4.890096469218257469e-01,-1.336306209562121983e-01,-1.336306209562121983e-01,6.519202405202649819e-01,-6.246950475544241765e-01,-1.336306209562121983e-01,1.936491673103708511e+00,-5.163977794943221955e-01,-7.928249671720919434e-01,-4.890096469218256914e-01,-5.976143046671966719e-01,3.000000000000000000e+00
-4.538988154411401355e-01,-7.355313305404227453e-01,-3.629598210636647004e-01,-8.207538646411001171e-01,2.044949432582180204e+00,-2.747211278973780701e-01,-3.100868364730210991e-01,-4.040610178208842718e-01,-5.163977794943221955e-01,-3.741657386773941107e-01,-3.429971702850176385e-01,-1.906925178491184480e-01,-1.336306209562121983e-01,-1.336306209562121983e-01,-3.741657386773941663e-01,-6.519202405202648709e-01,-6.519202405202648709e-01,-4.890096469218257469e-01,-2.357022603955158113e-01,5.244044240850757710e+00,-2.357022603955158113e-01,-3.100868364730211546e-01,-4.612656040144424985e-01,-5.163977794943221955e-01,1.839732422015599722e+00,-1.336306209562121983e-01,-4.890096469218257469e-01,-1.336306209562121983e-01,-1.336306209562121983e-01,6.519202405202649819e-01,-6.246950475544241765e-01,-1.336306209562121983e-01,-5.163977794943221955e-01,1.936491673103708511e+00,-7.928249671720919434e-01,-4.890096469218256914e-01,1.673320053068150903e+00,3.000000000000000000e+00
4.175676235421581922e-02,2.066748726928689106e-01,4.324277375395356171e-01,8.622896064347670975e-02,2.044949432582180204e+00,-2.747211278973780701e-01,-3.100868364730210991e-01,-4.040610178208842718e-01,-5.163977794943221955e-01,-3.741657386773941107e-01,-3.429971702850176385e-01,-1.906925178491184480e-01,-1.336306209562121983e-01,-1.336306209562121983e-01,-3.741657386773941663e-01,-6.519202405202648709e-01,1.533929977694740820e+00,-4.890096469218257469e-01,-2.357022603955158113e-01,-1.906925178491184480e-01,-2.357022603955158113e-01,-3.100868364730211546e-01,-4.612656040144424985e-01,-5.163977794943221955e-01,-5.435573065046089836e-01,-1.336306209562121983e-01,2.044949432582180648e+00,-1.336306209562121983e-01,-1.336306209562121983e-01,6.519202405202649819e-01,-6.246950475544241765e-01,-1.336306209562121983e-01,1.936491673103708511e+00,-5.163977794943221955e-01,-7.928249671720919434e-01,-4.890096469218256914e-01,-5.976143046671966719e-01,3.000000000000000000e+00
-4.902502023748528948e-01,1.475955724185570084e+00,1.280365677551158710e+00,1.367181007727855446e+00,2.044949432582180204e+00,-2.747211278973780701e-01,-3.100868364730210991e-01,-4.040610178208842718e-01,-5.163977794943221955e-01,-3.741657386773941107e-01,-3.429971702850176385e-01,-1.906925178491184480e-01,-1.336306209562121983e-01,-1.336306209562121983e-01,-3.741657386773941663e-01,-6.519202405202648709e-01,-6.519202405202648709e-01,-4.890096469218257469e-01,-2.357022603955158113e-01,5.244044240850757710e+00,-2.357022603955158113e-01,-3.100868364730211546e-01,-4.612656040144424985e-01,-5.163977794943221955e-01,1.839732422015599722e+00,-1.336306209562121983e-01,-4.890096469218257469e-01,-1.336306209562121983e-01,-1.336306209562121983e-01,6.519202405202649819e-01,-6.246950475544241765e-01,-1.336306209562121983e-01,-5.163977794943221955e-01,1.936491673103708511e+00,-7.928249671720919434e-01,-4.890096469218256914e-01,-5.976143046671966719e-01,3.000000000000000000e+00
1.162701549077790553e+00,1.092040415403906728e+00,1.058527996034173801e+00,1.310739875802048093e+00,2.044949432582180204e+00,-2.747211278973780701e-01,-3.100868364730210991e-01,-4.040610178208842718e-01,-5.163977794943221955e-01,-3.741657386773941107e-01,-3.429971702850176385e-01,-1.906925178491184480e-01,-1.336306209562121983e-01,-1.336306209562121983e-01,-3.741657386773941663e-01,-6.519202405202648709e-01,-6.519202405202648709e-01,2.044949432582180648e+00,-2.357022603955158113e-01,-1.906925178491184480e-01,-2.357022603955158113e-01,-3.100868364730211546e-01,-4.612656040144424985e-01,-5.163977794943221955e-01,-5.435573065046089836e-01,-1.336306209562121983e-01,2.044949432582180648e+00,-1.336306209562121983e-01,-1.336306209562121983e-01,6.519202405202649819e-01,-6.246950475544241765e-01,-1.336306209562121983e-01,-5.163977794943221955e-01,1.936491673103708511e+00,-7.928249671720919434e-01,-4.890096469218256914e-01,-5.976143046671966719e-01,4.000000000000000000e+00
