-6.666666666666668517e-01,-6.666666666666666297e-01,1.264911064067351765e+00,-5.477225575051660744e-01,1.825741858350553359e+00,-5.477225575051660744e-01,-5.477225575051660744e-01,-2.886751345948129210e-01,-1.400280084028009964e-01,-2.886751345948129210e-01,-2.474358296526967260e-01,-2.474358296526967538e-01,-2.000000000000000111e-01,-1.400280084028009964e-01,-1.400280084028009686e-01,-3.611575592573076920e-01,-2.000000000000000111e-01,-1.400280084028009686e-01,-2.474358296526967260e-01,-2.474358296526967260e-01,5.000000000000000000e+00,-2.474358296526967260e-01,-2.474358296526967260e-01,-2.000000000000000111e-01,-2.000000000000000111e-01,0.000000000000000000e+00,0.000000000000000000e+00,-2.886751345948129210e-01,-2.474358296526967538e-01,-1.400280084028009686e-01,-1.400280084028009686e-01,-1.400280084028009686e-01,-1.083356975839822267e+00,4.314729975135102591e-01,8.062118108196038024e-01,-4.905951928577663157e-01,-5.013644115073537799e-01,-9.096379022312623963e-01,-1.089391838226106080e+00,-5.066287865880002572e-01,-7.822787808950021349e-01,-6.470217716262348651e-01,-3.837860362780076140e-01,-8.085895321853461271e-01,-7.875559137895603579e-01,1.694316550821329148e+00,-7.919821965611600900e-01,-1.106671622990995418e+00,-9.234571704303262685e-01,5.250769153077623486e-01,-9.096379022312623963e-01,-1.089391838226106080e+00,0.000000000000000000e+00
-6.666666666666668517e-01,1.499999999999999778e+00,-7.905694150420948807e-01,-5.477225575051660744e-01,1.825741858350553359e+00,-5.477225575051660744e-01,-5.477225575051660744e-01,-2.886751345948129210e-01,-1.400280084028009964e-01,-2.886751345948129210e-01,-2.474358296526967260e-01,-2.474358296526967538e-01,-2.000000000000000111e-01,-1.400280084028009964e-01,-1.400280084028009686e-01,2.768874620972691769e+00,-2.000000000000000111e-01,-1.400280084028009686e-01,-2.474358296526967260e-01,-2.474358296526967260e-01,-2.000000000000000111e-01,-2.474358296526967260e-01,-2.474358296526967260e-01,-2.000000000000000111e-01,-2.000000000000000111e-01,0.000000000000000000e+00,0.000000000000000000e+00,-2.886751345948129210e-01,-2.474358296526967538e-01,-1.400280084028009686e-01,-1.400280084028009686e-01,-1.400280084028009686e-01,-6.177051098812278429e-01,-4.503146131254538442e-01,-9.648704195587763655e-02,-1.050250403722932102e+00,-9.415492823933188093e-01,-5.451925464305780178e-01,-2.049269823600650686e-01,1.386848163244535924e-16,-1.119548007508159637e+00,-1.116388604897027514e+00,-9.761380002335166006e-01,-1.549789294463643108e+00,-1.182352662593310733e+00,5.776656564227035107e-01,-1.066153142583229352e+00,-4.162972039988725448e-01,8.157364527263001597e-02,-4.415384399879352384e-01,-5.451925464305780178e-01,-2.049269823600650686e-01,0.000000000000000000e+00
1.500000000000000222e+00,-6.666666666666666297e-01,-7.905694150420948807e-01,-5.477225575051660744e-01,1.825741858350553359e+00,-5.477225575051660744e-01,-5.477225575051660744e-01,-2.886751345948129210e-01,-1.400280084028009964e-01,-2.886751345948129210e-01,-2.474358296526967260e-01,-2.474358296526967538e-01,-2.000000000000000111e-01,-1.400280084028009964e-01,-1.400280084028009686e-01,-3.611575592573076920e-01,-2.000000000000000111e-01,-1.400280084028009686e-01,-2.474358296526967260e-01,-2.474358296526967260e-01,-2.000000000000000111e-01,4.041451884327379673e+00,-2.474358296526967260e-01,-2.000000000000000111e-01,-2.000000000000000111e-01,0.000000000000000000e+00,0.000000000000000000e+00,-2.886751345948129210e-01,-2.474358296526967538e-01,-1.400280084028009686e-01,-1.400280084028009686e-01,-1.400280084028009686e-01,-1.799923558801491408e-01,7.743904016508846855e-01,5.123098587531683679e-01,5.820772946338023113e-01,8.191902011505415304e-01,4.905995174239984880e-01,3.172269686933808508e-01,-5.003829777167926318e-01,5.976930165450924370e-01,5.971218206737431977e-01,8.035045814319424773e-01,1.047939396187913097e+00,5.218059653365466621e-01,3.653021696394440077e-01,-2.696215911724800240e-01,1.248176938685034765e+00,-1.144032307247519809e+00,1.466738885072728538e+00,4.905995174239984880e-01,3.172269686933808508e-01,0.000000000000000000e+00
-6.666666666666668517e-01,-6.666666666666666297e-01,1.264911064067351765e+00,-5.477225575051660744e-01,1.825741858350553359e+00,-5.477225575051660744e-01,-5.477225575051660744e-01,-2.886751345948129210e-01,-1.400280084028009964e-01,-2.886751345948129210e-01,-2.474358296526967260e-01,-2.474358296526967538e-01,-2.000000000000000111e-01,-1.400280084028009964e-01,-1.400280084028009686e-01,-3.611575592573076920e-01,-2.000000000000000111e-01,-1.400280084028009686e-01,-2.474358296526967260e-01,-2.474358296526967260e-01,-2.000000000000000111e-01,-2.474358296526967260e-01,-2.474358296526967260e-01,-2.000000000000000111e-01,-2.000000000000000111e-01,0.000000000000000000e+00,0.000000000000000000e+00,3.464101615137754830e+00,-2.474358296526967538e-01,-1.400280084028009686e-01,-1.400280084028009686e-01,-1.400280084028009686e-01,-1.015061368832561817e+00,-7.932320172628287702e-01,-5.450104880352907299e-02,-9.569745352454047671e-01,-6.614316372840683966e-01,-9.096379022312623963e-01,-1.089391838226106080e+00,-1.293600704360151399e+00,-2.828113765976545957e-01,2.563486403538525193e-01,-9.722579655351181183e-01,-7.884208311709707262e-01,-1.144132557572668379e-01,4.598666544543087431e-01,-7.030988474766988183e-01,-8.208022983565759212e-01,-1.882067143730143666e-01,1.730719437266255101e+00,-9.096379022312623963e-01,-1.089391838226106080e+00,0.000000000000000000e+00
-6.666666666666668517e-01,-6.666666666666666297e-01,1.264911064067351765e+00,-5.477225575051660744e-01,-5.477225575051660744e-01,1.825741858350553359e+00,-5.477225575051660744e-01,-2.886751345948129210e-01,-1.400280084028009964e-01,-2.886751345948129210e-01,-2.474358296526967260e-01,-2.474358296526967538e-01,-2.000000000000000111e-01,-1.400280084028009964e-01,-1.400280084028009686e-01,2.768874620972691769e+00,-2.000000000000000111e-01,-1.400280084028009686e-01,-2.474358296526967260e-01,-2.474358296526967260e-01,-2.000000000000000111e-01,-2.474358296526967260e-01,-2.474358296526967260e-01,-2.000000000000000111e-01,-2.000000000000000111e-01,0.000000000000000000e+00,0.000000000000000000e+00,-2.886751345948129210e-01,-2.474358296526967538e-01,-1.400280084028009686e-01,-1.400280084028009686e-01,-1.400280084028009686e-01,-9.809135653289314805e-01,2.355201951492959245e-01,1.624938677290389766e+00,8.152669658276214815e-01,3.990137334866655783e-01,-5.164205446568398417e-01,-4.926444655935964811e-01,-3.676595392036322574e-01,-5.941325157306816873e-08,8.655342025653100452e-08,-3.482082398710188660e-08,1.163578907249568517e-08,-2.184818775407214493e-08,6.255447214940457518e-09,-8.863352902046651716e-01,-8.022207922553388215e-01,-1.272983925694494367e+00,1.286811842035350262e+00,-5.164205446568398417e-01,-4.926444655935964811e-01,0.000000000000000000e+00
-6.666666666666668517e-01,-6.666666666666666297e-01,1.264911064067351765e+00,-5.477225575051660744e-01,-5.477225575051660744e-01,1.825741858350553359e+00,-5.477225575051660744e-01,-2.886751345948129210e-01,-1.400280084028009964e-01,-2.886751345948129210e-01,-2.474358296526967260e-01,-2.474358296526967538e-01,-2.000000000000000111e-01,-1.400280084028009964e-01,-1.400280084028009686e-01,-3.611575592573076920e-01,5.000000000000000000e+00,-1.400280084028009686e-01,-2.474358296526967260e-01,-2.474358296526967260e-01,-2.000000000000000111e-01,-2.474358296526967260e-01,-2.474358296526967260e-01,-2.000000000000000111e-01,-2.000000000000000111e-01,0.000000000000000000e+00,0.000000000000000000e+00,-2.886751345948129210e-01,-2.474358296526967538e-01,-1.400280084028009686e-01,-1.400280084028009686e-01,-1.400280084028009686e-01,-6.021833810159413769e-01,4.804611981045636138e-01,1.603945680714215394e+00,1.235008373976496321e+00,3.990137334866655783e-01,-5.164205446568398417e-01,-4.926444655935964811e-01,-2.318131962548680147e-01,-9.084329190938167375e-01,-1.148537018134752730e+00,1.451470376064497358e+00,4.156506193872428478e-01,-1.080103144917519353e+00,1.306300114357386910e+00,-4.555929061799682267e-01,-1.100954236498306926e+00,-1.532018317136224272e+00,1.054351355775379639e+00,-5.164205446568398417e-01,-4.926444655935964811e-01,0.000000000000000000e+00
-6.666666666666668517e-01,1.499999999999999778e+00,-7.905694150420948807e-01,1.825741858350553359e+00,-5.477225575051660744e-01,-5.477225575051660744e-01,-5.477225575051660744e-01,-2.886751345948129210e-01,-1.400280084028009964e-01,-2.886751345948129210e-01,-2.474358296526967260e-01,-2.474358296526967538e-01,-2.000000000000000111e-01,-1.400280084028009964e-01,-1.400280084028009686e-01,2.768874620972691769e+00,-2.000000000000000111e-01,-1.400280084028009686e-01,-2.474358296526967260e-01,-2.474358296526967260e-01,-2.000000000000000111e-01,-2.474358296526967260e-01,-2.474358296526967260e-01,-2.000000000000000111e-01,-2.000000000000000111e-01,0.000000000000000000e+00,0.000000000000000000e+00,-2.886751345948129210e-01,-2.474358296526967538e-01,-1.400280084028009686e-01,-1.400280084028009686e-01,-1.400280084028009686e-01,2.111552115250701356e-01,-1.430078624946524712e+00,-1.482024815983360222e+00,-1.656543548826862278e+00,-1.801910620943159458e+00,-1.149404583679080938e+00,-7.483933395789577059e-01,-1.426324142873311773e+00,-6.664229396920092752e-01,-4.766351814662894704e-01,-1.432688749745076873e+00,-1.527603723347830345e+00,-6.498030913652302898e-01,-9.037671572863344993e-01,-8.918050347637090924e-01,-4.455988097739007059e-01,1.341114234226194579e+00,-1.619600904254566709e+00,-1.149404583679080938e+00,-7.483933395789577059e-01,0.000000000000000000e+00
-6.666666666666668517e-01,-6.666666666666666297e-01,1.264911064067351765e+00,-5.477225575051660744e-01,-5.477225575051660744e-01,1.825741858350553359e+00,-5.477225575051660744e-01,-2.886751345948129210e-01,-1.400280084028009964e-01,-2.886751345948129210e-01,-2.474358296526967260e-01,-2.474358296526967538e-01,-2.000000000000000111e-01,-1.400280084028009964e-01,-1.400280084028009686e-01,-3.611575592573076920e-01,-2.000000000000000111e-01,-1.400280084028009686e-01,-2.474358296526967260e-01,-2.474358296526967260e-01,-2.000000000000000111e-01,-2.474358296526967260e-01,4.041451884327379673e+00,-2.000000000000000111e-01,-2.000000000000000111e-01,0.000000000000000000e+00,0.000000000000000000e+00,-2.886751345948129210e-01,-2.474358296526967538e-01,-1.400280084028009686e-01,-1.400280084028009686e-01,-1.400280084028009686e-01,3.787898832701641072e-01,6.274257998777237333e-01,1.058127769733691492e+00,5.820772946338023113e-01,3.589969270424870906e-01,-5.164205446568398417e-01,-4.926444655935964811e-01,3.006420100155754449e-01,-4.115400890454246063e-01,-2.258775582120303160e-01,6.301963649034748594e-01,2.593431865258334912e-01,-3.970195615556346147e-01,1.196865538564263032e+00,-4.268767472449884748e-01,-1.364668688473559044e+00,-1.594231817264150530e+00,1.433905483058608432e+00,-5.164205446568398417e-01,-4.926444655935964811e-01,0.000000000000000000e+00
-6.666666666666668517e-01,1.499999999999999778e+00,-7.905694150420948807e-01,1.825741858350553359e+00,-5.477225575051660744e-01,-5.477225575051660744e-01,-5.477225575051660744e-01,-2.886751345948129210e-01,-1.400280084028009964e-01,-2.886751345948129210e-01,-2.474358296526967260e-01,-2.474358296526967538e-01,-2.000000000000000111e-01,-1.400280084028009964e-01,-1.400280084028009686e-01,-3.611575592573076920e-01,-2.000000000000000111e-01,7.141428428542848650e+00,-2.474358296526967260e-01,-2.474358296526967260e-01,-2.000000000000000111e-01,-2.474358296526967260e-01,-2.474358296526967260e-01,-2.000000000000000111e-01,-2.000000000000000111e-01,0.000000000000000000e+00,0.000000000000000000e+00,-2.886751345948129210e-01,-2.474358296526967538e-01,-1.400280084028009686e-01,-1.400280084028009686e-01,-1.400280084028009686e-01,7.233722640795239300e-01,-9.401966190359892783e-01,-1.398052829678664510e+00,-1.749819417304389724e+00,-1.801910620943159458e+00,-1.149404583679080938e+00,-7.483933395789577059e-01,-8.298493956729907639e-01,-6.767212366878309071e-01,-6.084436757409641405e-01,-1.397768437459490087e+00,-1.545755554260768161e+00,-7.137090399125999296e-01,-5.566434710126044738e-01,-9.341955550962982580e-01,-4.127238374409423205e-01,8.507587377633563097e-01,-1.867512403583626857e-01,-1.149404583679080938e+00,-7.483933395789577059e-01,0.000000000000000000e+00
-6.666666666666668517e-01,1.499999999999999778e+00,-7.905694150420948807e-01,-5.477225575051660744e-01,-5.477225575051660744e-01,-5.477225575051660744e-01,1.825741858350553359e+00,-2.886751345948129210e-01,-1.400280084028009964e-01,-2.886751345948129210e-01,-2.474358296526967260e-01,4.041451884327380562e+00,-2.000000000000000111e-01,-1.400280084028009964e-01,-1.400280084028009686e-01,-3.611575592573076920e-01,-2.000000000000000111e-01,-1.400280084028009686e-01,-2.474358296526967260e-01,-2.474358296526967260e-01,-2.000000000000000111e-01,-2.474358296526967260e-01,-2.474358296526967260e-01,-2.000000000000000111e-01,-2.000000000000000111e-01,0.000000000000000000e+00,0.000000000000000000e+00,-2.886751345948129210e-01,-2.474358296526967538e-01,-1.400280084028009686e-01,-1.400280084028009686e-01,-1.400280084028009686e-01,1.825415013514863904e+00,1.019331404606152347e+00,1.415008711528649821e+00,1.328284242454023545e+00,-1.212047502876566346e-01,7.975008696772063477e-01,1.020536372153124205e+00,1.171932347549028641e+00,-1.286895333690260657e+00,-1.720778773766267200e+00,1.561404692519122062e+00,1.736262072147377600e-01,-1.541646106648522307e+00,1.372750833416481520e+00,-7.878798881418774824e-01,-5.327889537873982118e-01,-1.161565202738117142e+00,-1.769321217438954763e+00,7.975008696772063477e-01,1.020536372153124205e+00,0.000000000000000000e+00
-6.666666666666668517e-01,-6.666666666666666297e-01,1.264911064067351765e+00,-5.477225575051660744e-01,-5.477225575051660744e-01,-5.477225575051660744e-01,-5.477225575051660744e-01,3.464101615137754830e+00,-1.400280084028009964e-01,3.464101615137754830e+00,-2.474358296526967260e-01,-2.474358296526967538e-01,-2.000000000000000111e-01,-1.400280084028009964e-01,-1.400280084028009686e-01,-3.611575592573076920e-01,-2.000000000000000111e-01,-1.400280084028009686e-01,-2.474358296526967260e-01,-2.474358296526967260e-01,-2.000000000000000111e-01,-2.474358296526967260e-01,-2.474358296526967260e-01,-2.000000000000000111e-01,-2.000000000000000111e-01,0.000000000000000000e+00,0.000000000000000000e+00,-2.886751345948129210e-01,-2.474358296526967538e-01,-1.400280084028009686e-01,-1.400280084028009686e-01,-1.400280084028009686e-01,-7.134025382314378161e-02,1.019331404606152347e+00,1.352029721800127815e+00,1.281646308215260044e+00,8.391986043726303857e-01,-1.136125198245045015e-01,2.746021563624873041e-01,1.426449059050736157e+00,-1.065481948280096347e+00,-1.396079800065239462e+00,7.556508201516938250e-01,-2.660514748986470557e-01,2.021465557914821076e+00,1.162013762833968844e+00,9.890244849309390296e-02,-2.176180233779505258e-01,-9.562606523159602467e-01,-9.931395938251540434e-01,-1.136125198245045015e-01,2.746021563624873041e-01,0.000000000000000000e+00
-6.666666666666668517e-01,1.499999999999999778e+00,-7.905694150420948807e-01,-5.477225575051660744e-01,-5.477225575051660744e-01,1.825741858350553359e+00,-5.477225575051660744e-01,-2.886751345948129210e-01,-1.400280084028009964e-01,-2.886751345948129210e-01,-2.474358296526967260e-01,-2.474358296526967538e-01,-2.000000000000000111e-01,-1.400280084028009964e-01,-1.400280084028009686e-01,-3.611575592573076920e-01,-2.000000000000000111e-01,-1.400280084028009686e-01,-2.474358296526967260e-01,-2.474358296526967260e-01,-2.000000000000000111e-01,-2.474358296526967260e-01,-2.474358296526967260e-01,-2.000000000000000111e-01,-2.000000000000000111e-01,0.000000000000000000e+00,0.000000000000000000e+00,-2.886751345948129210e-01,-2.474358296526967538e-01,-1.400280084028009686e-01,7.141428428542848650e+00,-1.400280084028009686e-01,4.408767987313100267e-01,1.460225209925634537e+00,1.079120766309865864e+00,4.421634919175104761e-01,-1.812299599539247408e-01,5.901949081792492308e-02,3.598517810242743420e-01,5.848263136555188479e-01,-8.466431371188870569e-01,-9.974394759174429748e-01,3.288470033278559357e-01,-3.880721160356181421e-01,-9.792737594316694993e-01,1.072096181449810448e+00,-3.222678825532762636e-01,6.682195463329652918e-02,-1.388361689568103463e+00,8.639176240934826057e-01,5.901949081792492308e-02,3.598517810242743420e-01,0.000000000000000000e+00
-6.666666666666668517e-01,-6.666666666666666297e-01,1.264911064067351765e+00,1.825741858350553359e+00,-5.477225575051660744e-01,-5.477225575051660744e-01,-5.477225575051660744e-01,-2.886751345948129210e-01,-1.400280084028009964e-01,3.464101615137754830e+00,-2.474358296526967260e-01,-2.474358296526967538e-01,-2.000000000000000111e-01,-1.400280084028009964e-01,-1.400280084028009686e-01,-3.611575592573076920e-01,-2.000000000000000111e-01,-1.400280084028009686e-01,-2.474358296526967260e-01,-2.474358296526967260e-01,-2.000000000000000111e-01,-2.474358296526967260e-01,-2.474358296526967260e-01,-2.000000000000000111e-01,-2.000000000000000111e-01,0.000000000000000000e+00,0.000000000000000000e+00,-2.886751345948129210e-01,-2.474358296526967538e-01,-1.400280084028009686e-01,-1.400280084028009686e-01,-1.400280084028009686e-01,-4.811138958667068311e-01,-2.164901633812327919e+00,-7.682629323934450083e-01,-1.469991811871806719e+00,-1.301700540390926530e+00,-1.139813916421168249e+00,-1.622201992362275247e+00,-1.640243096712170390e+00,-2.776622280997436687e-01,2.177705444685815728e-01,-1.562023239691694432e+00,-1.258351564805918477e+00,-1.286145776566822718e-01,-2.608680676481744953e-01,-1.351947295793266335e+00,-1.138117248700781792e+00,-3.392158465017083291e-01,-9.219104255769675071e-02,-1.139813916421168249e+00,-1.622201992362275247e+00,0.000000000000000000e+00
-6.666666666666668517e-01,-6.666666666666666297e-01,1.264911064067351765e+00,-5.477225575051660744e-01,-5.477225575051660744e-01,-5.477225575051660744e-01,1.825741858350553359e+00,-2.886751345948129210e-01,-1.400280084028009964e-01,-2.886751345948129210e-01,-2.474358296526967260e-01,4.041451884327380562e+00,-2.000000000000000111e-01,-1.400280084028009964e-01,-1.400280084028009686e-01,-3.611575592573076920e-01,-2.000000000000000111e-01,-1.400280084028009686e-01,-2.474358296526967260e-01,-2.474358296526967260e-01,-2.000000000000000111e-01,-2.474358296526967260e-01,-2.474358296526967260e-01,-2.000000000000000111e-01,-2.000000000000000111e-01,0.000000000000000000e+00,0.000000000000000000e+00,-2.886751345948129210e-01,-2.474358296526967538e-01,-1.400280084028009686e-01,-1.400280084028009686e-01,-1.400280084028009686e-01,-6.891050626615456975e-01,2.355201951492959245e-01,2.023805612237695062e+00,1.654749782125370050e+00,2.989717173762189706e-01,-1.615658561140682348e-01,-3.541138255181924266e-01,8.830636872556792971e-01,-1.292044482188171362e+00,-1.807579489508126080e+00,1.857580674496876361e+00,3.753132173584921016e-01,-1.582829940156827320e+00,2.256127175593670930e+00,7.967945198991516556e-03,9.612356040832469029e-02,-1.201721189184324246e+00,-2.708047495145103900e-01,-1.615658561140682348e-01,-3.541138255181924266e-01,0.000000000000000000e+00
-6.666666666666668517e-01,1.499999999999999778e+00,-7.905694150420948807e-01,-5.477225575051660744e-01,1.825741858350553359e+00,-5.477225575051660744e-01,-5.477225575051660744e-01,-2.886751345948129210e-01,-1.400280084028009964e-01,-2.886751345948129210e-01,-2.474358296526967260e-01,-2.474358296526967538e-01,-2.000000000000000111e-01,-1.400280084028009964e-01,-1.400280084028009686e-01,-3.611575592573076920e-01,-2.000000000000000111e-01,-1.400280084028009686e-01,-2.474358296526967260e-01,-2.474358296526967260e-01,-2.000000000000000111e-01,4.041451884327379673e+00,-2.474358296526967260e-01,-2.000000000000000111e-01,-2.000000000000000111e-01,0.000000000000000000e+00,0.000000000000000000e+00,-2.886751345948129210e-01,-2.474358296526967538e-01,-1.400280084028009686e-01,-1.400280084028009686e-01,-1.400280084028009686e-01,1.362867493329326996e+00,-9.420807805971801244e-03,4.703238656008205676e-01,-6.305089955740577068e-01,-9.215408791712293990e-01,-5.451925464305780178e-01,-2.049269823600650686e-01,4.349269007465378367e-01,-8.440685628699318155e-01,-7.595412179582740064e-01,-3.721459321828120559e-01,-8.590112847212847402e-01,-8.727638451860534330e-01,8.367305226845563881e-01,1.235162990087910334e-01,6.099736714386935210e-01,-8.244376415553955617e-02,3.175698145785227910e-01,-5.451925464305780178e-01,-2.049269823600650686e-01,0.000000000000000000e+00
-6.666666666666668517e-01,1.499999999999999778e+00,-7.905694150420948807e-01,-5.477225575051660744e-01,1.825741858350553359e+00,-5.477225575051660744e-01,-5.477225575051660744e-01,-2.886751345948129210e-01,-1.400280084028009964e-01,-2.886751345948129210e-01,-2.474358296526967260e-01,-2.474358296526967538e-01,5.000000000000000000e+00,-1.400280084028009964e-01,-1.400280084028009686e-01,-3.611575592573076920e-01,-2.000000000000000111e-01,-1.400280084028009686e-01,-2.474358296526967260e-01,-2.474358296526967260e-01,-2.000000000000000111e-01,-2.474358296526967260e-01,-2.474358296526967260e-01,-2.000000000000000111e-01,-2.000000000000000111e-01,0.000000000000000000e+00,0.000000000000000000e+00,-2.886751345948129210e-01,-2.474358296526967538e-01,-1.400280084028009686e-01,-1.400280084028009686e-01,-1.400280084028009686e-01,2.443179822353265696e+00,-4.503146131254538442e-01,4.493308690246462511e-01,-6.771469298128214298e-01,-7.614736533945150043e-01,-5.451925464305780178e-01,-2.049269823600650686e-01,2.491140868281131737e-01,-1.536629035838934509e+00,-1.990825444963161495e+00,-4.251730730609253328e-01,-1.556848339818674543e+00,-1.798690033027942503e+00,1.210806248856381107e+00,-1.732778260716689056e+00,-1.210299253170972422e+00,-2.311905871886723862e-01,-1.171444280884277739e-01,-5.451925464305780178e-01,-2.049269823600650686e-01,0.000000000000000000e+00
-6.666666666666668517e-01,1.499999999999999778e+00,-7.905694150420948807e-01,1.825741858350553359e+00,-5.477225575051660744e-01,-5.477225575051660744e-01,-5.477225575051660744e-01,-2.886751345948129210e-01,-1.400280084028009964e-01,-2.886751345948129210e-01,-2.474358296526967260e-01,-2.474358296526967538e-01,-2.000000000000000111e-01,-1.400280084028009964e-01,-1.400280084028009686e-01,-3.611575592573076920e-01,-2.000000000000000111e-01,-1.400280084028009686e-01,-2.474358296526967260e-01,-2.474358296526967260e-01,-2.000000000000000111e-01,-2.474358296526967260e-01,-2.474358296526967260e-01,-2.000000000000000111e-01,-2.000000000000000111e-01,0.000000000000000000e+00,0.000000000000000000e+00,3.464101615137754830e+00,-2.474358296526967538e-01,-1.400280084028009686e-01,-1.400280084028009686e-01,-1.400280084028009686e-01,-9.281396871869573850e-01,-1.626031427310739019e+00,-1.670961785168926461e+00,-1.889733220020681559e+00,-2.222087088607035188e+00,-1.149404583679080938e+00,-7.483933395789577059e-01,-1.652734714454585196e+00,-5.248213559994621136e-01,-2.065885102693951203e-01,-1.677130935744184370e+00,-1.579033910934487750e+00,-4.538248491532966278e-01,-8.229110375920521969e-01,-1.133841231501395708e+00,-9.844624867097813148e-01,1.720051007732655179e+00,-9.524261753276450637e-01,-1.149404583679080938e+00,-7.483933395789577059e-01,0.000000000000000000e+00
-6.666666666666668517e-01,1.499999999999999778e+00,-7.905694150420948807e-01,1.825741858350553359e+00,-5.477225575051660744e-01,-5.477225575051660744e-01,-5.477225575051660744e-01,-2.886751345948129210e-01,-1.400280084028009964e-01,3.464101615137754830e+00,-2.474358296526967260e-01,-2.474358296526967538e-01,-2.000000000000000111e-01,-1.400280084028009964e-01,-1.400280084028009686e-01,-3.611575592573076920e-01,-2.000000000000000111e-01,-1.400280084028009686e-01,-2.474358296526967260e-01,-2.474358296526967260e-01,-2.000000000000000111e-01,-2.474358296526967260e-01,-2.474358296526967260e-01,-2.000000000000000111e-01,-2.000000000000000111e-01,0.000000000000000000e+00,0.000000000000000000e+00,-2.886751345948129210e-01,-2.474358296526967538e-01,-1.400280084028009686e-01,-1.400280084028009686e-01,-1.400280084028009686e-01,-2.086060660537328637e+00,-1.087161220809149897e+00,-2.489688651639711647e+00,-1.843095285781917392e+00,-1.541801379055998344e+00,-1.149404583679080938e+00,-7.483933395789577059e-01,-4.426092456581228185e-01,1.960594337080499294e-01,5.199656289032018597e-01,-1.775425148103613626e+00,-1.143389969023978381e+00,2.676023033370097393e-01,-1.854755944380295229e+00,-4.706347037173385095e-01,-1.416839840219340729e+00,2.352366399941943076e+00,-2.668647412728157864e-01,-1.149404583679080938e+00,-7.483933395789577059e-01,0.000000000000000000e+00
1.500000000000000222e+00,-6.666666666666666297e-01,-7.905694150420948807e-01,1.825741858350553359e+00,-5.477225575051660744e-01,-5.477225575051660744e-01,-5.477225575051660744e-01,-2.886751345948129210e-01,-1.400280084028009964e-01,-2.886751345948129210e-01,-2.474358296526967260e-01,-2.474358296526967538e-01,-2.000000000000000111e-01,-1.400280084028009964e-01,-1.400280084028009686e-01,-3.611575592573076920e-01,-2.000000000000000111e-01,-1.400280084028009686e-01,-2.474358296526967260e-01,-2.474358296526967260e-01,-2.000000000000000111e-01,-2.474358296526967260e-01,-2.474358296526967260e-01,-2.000000000000000111e-01,-2.000000000000000111e-01,0.000000000000000000e+00,0.000000000000000000e+00,3.464101615137754830e+00,-2.474358296526967538e-01,-1.400280084028009686e-01,-1.400280084028009686e-01,-1.400280084028009686e-01,1.527397819301363535e+00,-2.053736101701861549e-01,3.233728895676020731e-01,-7.085378470889158731e-02,-2.212467663981032284e-01,-6.698712207834437438e-01,-8.549553704061915171e-01,-9.360281464835191745e-01,-5.941325157306816873e-08,8.655342025653100452e-08,-3.482082398710188660e-08,1.163578907249568517e-08,-2.184818775407214493e-08,6.255447214940457518e-09,-1.124269178523069401e+00,-1.224592719402693319e+00,-1.457362116982712674e+00,8.455309189655756397e-01,-6.698712207834437438e-01,-8.549553704061915171e-01,0.000000000000000000e+00
1.500000000000000222e+00,-6.666666666666666297e-01,-7.905694150420948807e-01,1.825741858350553359e+00,-5.477225575051660744e-01,-5.477225575051660744e-01,-5.477225575051660744e-01,-2.886751345948129210e-01,-1.400280084028009964e-01,-2.886751345948129210e-01,-2.474358296526967260e-01,-2.474358296526967538e-01,-2.000000000000000111e-01,-1.400280084028009964e-01,-1.400280084028009686e-01,-3.611575592573076920e-01,-2.000000000000000111e-01,-1.400280084028009686e-01,-2.474358296526967260e-01,-2.474358296526967260e-01,5.000000000000000000e+00,-2.474358296526967260e-01,-2.474358296526967260e-01,-2.000000000000000111e-01,-2.000000000000000111e-01,0.000000000000000000e+00,0.000000000000000000e+00,-2.886751345948129210e-01,-2.474358296526967538e-01,-1.400280084028009686e-01,-1.400280084028009686e-01,-1.400280084028009686e-01,-1.924097389723783136e-01,-1.073972089880789738e-01,8.477940924992283939e-03,-2.107675874251834502e-01,-2.412551696201924722e-01,-6.698712207834437438e-01,-8.549553704061915171e-01,-1.849696297208114348e-01,-5.941325157306816873e-08,8.655342025653100452e-08,-3.482082398710188660e-08,1.163578907249568517e-08,-2.184818775407214493e-08,6.255447214940457518e-09,-9.506047887734297985e-01,-1.534046263319452486e+00,-9.573918068637405909e-01,6.419638264780306303e-01,-6.698712207834437438e-01,-8.549553704061915171e-01,0.000000000000000000e+00
-6.666666666666668517e-01,-6.666666666666666297e-01,1.264911064067351765e+00,-5.477225575051660744e-01,-5.477225575051660744e-01,-5.477225575051660744e-01,1.825741858350553359e+00,-2.886751345948129210e-01,-1.400280084028009964e-01,-2.886751345948129210e-01,-2.474358296526967260e-01,-2.474358296526967538e-01,-2.000000000000000111e-01,-1.400280084028009964e-01,-1.400280084028009686e-01,-3.611575592573076920e-01,-2.000000000000000111e-01,-1.400280084028009686e-01,-2.474358296526967260e-01,4.041451884327379673e+00,-2.000000000000000111e-01,-2.474358296526967260e-01,-2.474358296526967260e-01,-2.000000000000000111e-01,-2.000000000000000111e-01,0.000000000000000000e+00,0.000000000000000000e+00,-2.886751345948129210e-01,-2.474358296526967538e-01,-1.400280084028009686e-01,-1.400280084028009686e-01,-1.400280084028009686e-01,1.868577359551779060e-02,3.956739278508156904e-02,1.163092752614561354e+00,8.152669658276214815e-01,5.887087871114729531e-02,-1.615658561140682348e-01,-3.541138255181924266e-01,3.771531686878679679e-01,-5.891857122233471467e-01,-5.634358972081485728e-01,5.357821872424438636e-01,1.025972899829627125e-02,-6.469628269853472391e-01,1.432695887672587043e+00,5.582821009062451795e-02,2.604984220731159095e-01,-1.195499839171531686e+00,-7.107723365037206253e-01,-1.615658561140682348e-01,-3.541138255181924266e-01,0.000000000000000000e+00
-6.666666666666668517e-01,-6.666666666666666297e-01,1.264911064067351765e+00,-5.477225575051660744e-01,1.825741858350553359e+00,-5.477225575051660744e-01,-5.477225575051660744e-01,-2.886751345948129210e-01,-1.400280084028009964e-01,-2.886751345948129210e-01,-2.474358296526967260e-01,-2.474358296526967538e-01,-2.000000000000000111e-01,-1.400280084028009964e-01,-1.400280084028009686e-01,-3.611575592573076920e-01,-2.000000000000000111e-01,-1.400280084028009686e-01,-2.474358296526967260e-01,-2.474358296526967260e-01,-2.000000000000000111e-01,-2.474358296526967260e-01,-2.474358296526967260e-01,-2.000000000000000111e-01,-2.000000000000000111e-01,0.000000000000000000e+00,0.000000000000000000e+00,-2.886751345948129210e-01,-2.474358296526967538e-01,-1.400280084028009686e-01,-1.400280084028009686e-01,7.141428428542848650e+00,-1.226156881400457754e+00,-7.442438166717749715e-01,5.123098587531683679e-01,-7.704227982903492089e-01,-9.415492823933188093e-01,-9.096379022312623963e-01,-1.089391838226106080e+00,-3.942042269062643323e-01,-3.806451980579597660e-01,-8.386655479518863874e-04,-8.002430939061165871e-01,-7.722858703594703833e-01,-2.805687219804279264e-01,1.164569559720857406e+00,-1.085980966609762843e+00,-1.374674114835763516e+00,-9.127112022264114444e-01,2.361429775835049150e-01,-9.096379022312623963e-01,-1.089391838226106080e+00,0.000000000000000000e+00
-6.666666666666668517e-01,1.499999999999999778e+00,-7.905694150420948807e-01,-5.477225575051660744e-01,1.825741858350553359e+00,-5.477225575051660744e-01,-5.477225575051660744e-01,-2.886751345948129210e-01,-1.400280084028009964e-01,-2.886751345948129210e-01,4.041451884327379673e+00,-2.474358296526967538e-01,-2.000000000000000111e-01,-1.400280084028009964e-01,-1.400280084028009686e-01,-3.611575592573076920e-01,-2.000000000000000111e-01,-1.400280084028009686e-01,-2.474358296526967260e-01,-2.474358296526967260e-01,-2.000000000000000111e-01,-2.474358296526967260e-01,-2.474358296526967260e-01,-2.000000000000000111e-01,-2.000000000000000111e-01,0.000000000000000000e+00,0.000000000000000000e+00,-2.886751345948129210e-01,-2.474358296526967538e-01,-1.400280084028009686e-01,-1.400280084028009686e-01,-1.400280084028009686e-01,9.934503463355086605e-01,-2.053736101701861549e-01,-3.903889940223131405e-01,-7.704227982903492089e-01,-7.414652501724254829e-01,-5.451925464305780178e-01,-2.049269823600650686e-01,-3.036399982737548187e-01,-1.526330738843112877e+00,-2.100130049971428381e+00,-7.006555366472208002e-01,-1.802906492194054966e+00,-1.841293998726189152e+00,8.884676504302127173e-03,-1.098287891867611332e+00,4.670390091214837724e-01,8.360537286422099479e-01,-5.820654006083694210e-01,-5.451925464305780178e-01,-2.049269823600650686e-01,0.000000000000000000e+00
-6.666666666666668517e-01,-6.666666666666666297e-01,1.264911064067351765e+00,-5.477225575051660744e-01,1.825741858350553359e+00,-5.477225575051660744e-01,-5.477225575051660744e-01,-2.886751345948129210e-01,-1.400280084028009964e-01,-2.886751345948129210e-01,-2.474358296526967260e-01,-2.474358296526967538e-01,-2.000000000000000111e-01,-1.400280084028009964e-01,-1.400280084028009686e-01,-3.611575592573076920e-01,-2.000000000000000111e-01,-1.400280084028009686e-01,-2.474358296526967260e-01,-2.474358296526967260e-01,-2.000000000000000111e-01,-2.474358296526967260e-01,-2.474358296526967260e-01,-2.000000000000000111e-01,5.000000000000000000e+00,0.000000000000000000e+00,0.000000000000000000e+00,-2.886751345948129210e-01,-2.474358296526967538e-01,-1.400280084028009686e-01,-1.400280084028009686e-01,-1.400280084028009686e-01,-1.546202990811246410e-02,-1.283114023173364204e+00,-2.014520248367475674e-01,-1.190164206439223937e+00,-8.615156695049616120e-01,-9.096379022312623963e-01,-1.089391838226106080e+00,-6.065617285273209314e-01,-1.206131989134644200e-01,6.196257099401506485e-01,-1.239980359724616843e+00,-8.196823177432525087e-01,1.355300096724458003e-01,3.560083627780321058e-01,-1.034702111368727362e+00,-1.043780371571422894e+00,1.143771271582639942e-01,4.833591806273741104e-02,-9.096379022312623963e-01,-1.089391838226106080e+00,0.000000000000000000e+00
1.500000000000000222e+00,-6.666666666666666297e-01,-7.905694150420948807e-01,-5.477225575051660744e-01,1.825741858350553359e+00,-5.477225575051660744e-01,-5.477225575051660744e-01,-2.886751345948129210e-01,-1.400280084028009964e-01,-2.886751345948129210e-01,-2.474358296526967260e-01,-2.474358296526967538e-01,-2.000000000000000111e-01,-1.400280084028009964e-01,-1.400280084028009686e-01,-3.611575592573076920e-01,-2.000000000000000111e-01,-1.400280084028009686e-01,4.041451884327379673e+00,-2.474358296526967260e-01,-2.000000000000000111e-01,-2.474358296526967260e-01,-2.474358296526967260e-01,-2.000000000000000111e-01,-2.000000000000000111e-01,0.000000000000000000e+00,0.000000000000000000e+00,-2.886751345948129210e-01,-2.474358296526967538e-01,-1.400280084028009686e-01,-1.400280084028009686e-01,-1.400280084028009686e-01,-7.263572119382332160e-01,-1.073972089880789738e-01,-1.804590282605732787e-01,3.022496892012194736e-01,3.389885238203974582e-01,4.905995174239984880e-01,3.172269686933808508e-01,-6.877572438530191734e-01,8.577250156895878108e-01,1.011836351440402071e+00,2.512463093598851227e-01,8.482692561455957847e-01,8.470162368331610736e-01,-2.369365149800394532e-01,3.990546811706207064e-01,1.183856340642290395e+00,7.591352193931377723e-01,-7.212790251482388282e-01,4.905995174239984880e-01,3.172269686933808508e-01,1.000000000000000000e+00
-6.666666666666668517e-01,1.499999999999999778e+00,-7.905694150420948807e-01,-5.477225575051660744e-01,-5.477225575051660744e-01,-5.477225575051660744e-01,1.825741858350553359e+00,-2.886751345948129210e-01,-1.400280084028009964e-01,-2.886751345948129210e-01,-2.474358296526967260e-01,-2.474358296526967538e-01,-2.000000000000000111e-01,-1.400280084028009964e-01,-1.400280084028009686e-01,-3.611575592573076920e-01,-2.000000000000000111e-01,-1.400280084028009686e-01,-2.474358296526967260e-01,-2.474358296526967260e-01,-2.000000000000000111e-01,-2.474358296526967260e-01,-2.474358296526967260e-01,-2.000000000000000111e-01,-2.000000000000000111e-01,0.000000000000000000e+00,0.000000000000000000e+00,-2.886751345948129210e-01,4.041451884327380562e+00,-1.400280084028009686e-01,-1.400280084028009686e-01,-1.400280084028009686e-01,1.359763147556269702e+00,8.723668028329913948e-01,6.172748416340382294e-01,4.421634919175104761e-01,-6.117954062138889620e-02,7.975008696772063477e-01,1.020536372153124205e+00,1.721563528215293015e+00,-1.232829274462197144e+00,-1.666126471262133757e+00,5.280221178456470099e-01,-5.937928663822478192e-01,-1.487681083430743456e+00,6.306403555327507737e-01,1.002698846328551607e-01,2.769359082395946858e-01,-5.903321561089747149e-01,-1.892774809012046644e+00,7.975008696772063477e-01,1.020536372153124205e+00,1.000000000000000000e+00
1.500000000000000222e+00,-6.666666666666666297e-01,-7.905694150420948807e-01,-5.477225575051660744e-01,-5.477225575051660744e-01,1.825741858350553359e+00,-5.477225575051660744e-01,-2.886751345948129210e-01,-1.400280084028009964e-01,3.464101615137754830e+00,-2.474358296526967260e-01,-2.474358296526967538e-01,-2.000000000000000111e-01,-1.400280084028009964e-01,-1.400280084028009686e-01,-3.611575592573076920e-01,-2.000000000000000111e-01,-1.400280084028009686e-01,-2.474358296526967260e-01,-2.474358296526967260e-01,-2.000000000000000111e-01,-2.474358296526967260e-01,-2.474358296526967260e-01,-2.000000000000000111e-01,-2.000000000000000111e-01,0.000000000000000000e+00,0.000000000000000000e+00,-2.886751345948129210e-01,-2.474358296526967538e-01,-1.400280084028009686e-01,-1.400280084028009686e-01,-1.400280084028009686e-01,-3.972965599941598591e-01,8.723668028329913948e-01,-7.052839426649228916e-01,4.888014261562741436e-01,1.259375072036506449e+00,1.631888921115615121e+00,1.265629043055762182e+00,6.316698801895755944e-01,1.542561765911724336e+00,1.117926115124896480e+00,3.391937625235851295e-01,1.218364919759385323e+00,1.273055893815625339e+00,-1.932823922016154050e+00,1.462919997904634561e+00,1.738442830433064357e+00,-3.256419919283427000e-01,1.503512295328543358e+00,1.631888921115615121e+00,1.265629043055762182e+00,1.000000000000000000e+00
1.500000000000000222e+00,-6.666666666666666297e-01,-7.905694150420948807e-01,1.825741858350553359e+00,-5.477225575051660744e-01,-5.477225575051660744e-01,-5.477225575051660744e-01,-2.886751345948129210e-01,-1.400280084028009964e-01,-2.886751345948129210e-01,-2.474358296526967260e-01,-2.474358296526967538e-01,-2.000000000000000111e-01,-1.400280084028009964e-01,-1.400280084028009686e-01,-3.611575592573076920e-01,-2.000000000000000111e-01,-1.400280084028009686e-01,-2.474358296526967260e-01,-2.474358296526967260e-01,-2.000000000000000111e-01,-2.474358296526967260e-01,4.041451884327379673e+00,-2.000000000000000111e-01,-2.000000000000000111e-01,0.000000000000000000e+00,0.000000000000000000e+00,-2.886751345948129210e-01,-2.474358296526967538e-01,-1.400280084028009686e-01,-1.400280084028009686e-01,-1.400280084028009686e-01,-3.631487564905295784e-01,-5.972792148986143523e-01,-9.152139084266627256e-01,-6.771469298128214298e-01,5.887087871114729531e-02,-6.698712207834437438e-01,-8.549553704061915171e-01,-6.190533462697360712e-01,-5.941325157306816873e-08,8.655342025653100452e-08,-3.482082398710188660e-08,1.163578907249568517e-08,-2.184818775407214493e-08,6.255447214940457518e-09,4.106778883585890383e-01,-1.893884275702931511e-02,3.915534973086202269e-02,5.762970224497903082e-01,-6.698712207834437438e-01,-8.549553704061915171e-01,1.000000000000000000e+00
-6.666666666666668517e-01,1.499999999999999778e+00,-7.905694150420948807e-01,-5.477225575051660744e-01,-5.477225575051660744e-01,1.825741858350553359e+00,-5.477225575051660744e-01,-2.886751345948129210e-01,-1.400280084028009964e-01,-2.886751345948129210e-01,-2.474358296526967260e-01,-2.474358296526967538e-01,-2.000000000000000111e-01,-1.400280084028009964e-01,7.141428428542848650e+00,-3.611575592573076920e-01,-2.000000000000000111e-01,-1.400280084028009686e-01,-2.474358296526967260e-01,-2.474358296526967260e-01,-2.000000000000000111e-01,-2.474358296526967260e-01,-2.474358296526967260e-01,-2.000000000000000111e-01,-2.000000000000000111e-01,0.000000000000000000e+00,0.000000000000000000e+00,-2.886751345948129210e-01,-2.474358296526967538e-01,-1.400280084028009686e-01,-1.400280084028009686e-01,-1.400280084028009686e-01,1.378389222194613462e+00,7.743904016508846855e-01,8.481978039719516582e-01,7.219910973500933693e-01,-3.012803792864605645e-01,5.901949081792492308e-02,3.598517810242743420e-01,8.284128596326133520e-01,-2.004250006310817067e-01,-4.584644408076722633e-02,4.879284259621952669e-01,2.875793679459585084e-01,-2.024614515336427001e-01,3.385824749128850120e-01,7.286067908530082793e-01,2.597837487615296537e-01,-1.231696784700506919e+00,2.020516927068367417e-09,5.901949081792492308e-02,3.598517810242743420e-01,1.000000000000000000e+00
-6.666666666666668517e-01,-6.666666666666666297e-01,1.264911064067351765e+00,-5.477225575051660744e-01,-5.477225575051660744e-01,1.825741858350553359e+00,-5.477225575051660744e-01,-2.886751345948129210e-01,-1.400280084028009964e-01,-2.886751345948129210e-01,-2.474358296526967260e-01,-2.474358296526967538e-01,-2.000000000000000111e-01,-1.400280084028009964e-01,-1.400280084028009686e-01,-3.611575592573076920e-01,-2.000000000000000111e-01,-1.400280084028009686e-01,-2.474358296526967260e-01,-2.474358296526967260e-01,-2.000000000000000111e-01,-2.474358296526967260e-01,-2.474358296526967260e-01,-2.000000000000000111e-01,-2.000000000000000111e-01,0.000000000000000000e+00,0.000000000000000000e+00,-2.886751345948129210e-01,-2.474358296526967538e-01,7.141428428542848650e+00,-1.400280084028009686e-01,-1.400280084028009686e-01,-1.372061132734150757e+00,-2.543618107612395374e-01,1.554289169582107610e-01,3.955255576787468086e-01,3.389885238203974582e-01,-5.164205446568398417e-01,-4.926444655935964811e-01,-1.477133798040568269e-02,3.685559083880617370e-01,7.385748389197352992e-01,3.396436624956748751e-02,4.025409637278985486e-01,4.579000167891771333e-01,6.255287617589743165e-01,-2.969703139676989068e-01,-1.118463732632156427e-01,-2.368463599275748011e-01,-2.208979784530475665e-01,-5.164205446568398417e-01,-4.926444655935964811e-01,1.000000000000000000e+00
-6.666666666666668517e-01,1.499999999999999778e+00,-7.905694150420948807e-01,-5.477225575051660744e-01,-5.477225575051660744e-01,-5.477225575051660744e-01,1.825741858350553359e+00,-2.886751345948129210e-01,-1.400280084028009964e-01,-2.886751345948129210e-01,-2.474358296526967260e-01,-2.474358296526967538e-01,-2.000000000000000111e-01,-1.400280084028009964e-01,-1.400280084028009686e-01,-3.611575592573076920e-01,-2.000000000000000111e-01,-1.400280084028009686e-01,4.041451884327379673e+00,-2.474358296526967260e-01,-2.000000000000000111e-01,-2.474358296526967260e-01,-2.474358296526967260e-01,-2.000000000000000111e-01,-2.000000000000000111e-01,0.000000000000000000e+00,0.000000000000000000e+00,-2.886751345948129210e-01,-2.474358296526967538e-01,-1.400280084028009686e-01,-1.400280084028009686e-01,-1.400280084028009686e-01,5.402158634691435202e-01,7.743904016508846855e-01,1.310043728647779959e+00,9.551807685439125395e-01,-4.413392018410856599e-01,7.975008696772063477e-01,1.020536372153124205e+00,5.692117914775000065e-01,-5.119484847546851292e-01,-3.866196244006579463e-01,1.126840806298486708e+00,5.578399615385892796e-01,-5.248314586503739498e-01,1.278883384116221933e+00,1.898369517871967005e-01,-6.306991974746871676e-01,-7.673578428366198967e-01,-1.740427823666529150e+00,7.975008696772063477e-01,1.020536372153124205e+00,1.000000000000000000e+00
1.500000000000000222e+00,-6.666666666666666297e-01,-7.905694150420948807e-01,-5.477225575051660744e-01,-5.477225575051660744e-01,1.825741858350553359e+00,-5.477225575051660744e-01,-2.886751345948129210e-01,-1.400280084028009964e-01,-2.886751345948129210e-01,-2.474358296526967260e-01,-2.474358296526967538e-01,-2.000000000000000111e-01,-1.400280084028009964e-01,-1.400280084028009686e-01,-3.611575592573076920e-01,-2.000000000000000111e-01,-1.400280084028009686e-01,-2.474358296526967260e-01,-2.474358296526967260e-01,-2.000000000000000111e-01,-2.474358296526967260e-01,-2.474358296526967260e-01,-2.000000000000000111e-01,-2.000000000000000111e-01,0.000000000000000000e+00,0.000000000000000000e+00,-2.886751345948129210e-01,4.041451884327380562e+00,-1.400280084028009686e-01,-1.400280084028009686e-01,-1.400280084028009686e-01,-1.781834774777713903e+00,8.855559337613493065e-02,-1.209115860493098271e+00,-1.174917189476552687e-01,1.019274233371434635e+00,1.631888921115615121e+00,1.265629043055762182e+00,7.503402487425190337e-01,2.531198277510598338e+00,2.227046371826426618e+00,-6.127080834835209044e-01,1.212314309455072348e+00,2.308332260283013859e+00,-1.797831377354147886e+00,8.824433565761143905e-01,1.044495044883010815e+00,4.073461550334083192e-01,1.226398382329369596e+00,1.631888921115615121e+00,1.265629043055762182e+00,1.000000000000000000e+00
1.500000000000000222e+00,-6.666666666666666297e-01,-7.905694150420948807e-01,-5.477225575051660744e-01,-5.477225575051660744e-01,1.825741858350553359e+00,-5.477225575051660744e-01,-2.886751345948129210e-01,-1.400280084028009964e-01,-2.886751345948129210e-01,-2.474358296526967260e-01,-2.474358296526967538e-01,-2.000000000000000111e-01,-1.400280084028009964e-01,-1.400280084028009686e-01,-3.611575592573076920e-01,-2.000000000000000111e-01,-1.400280084028009686e-01,-2.474358296526967260e-01,-2.474358296526967260e-01,-2.000000000000000111e-01,4.041451884327379673e+00,-2.474358296526967260e-01,-2.000000000000000111e-01,-2.000000000000000111e-01,0.000000000000000000e+00,0.000000000000000000e+00,-2.886751345948129210e-01,-2.474358296526967538e-01,-1.400280084028009686e-01,-1.400280084028009686e-01,-1.400280084028009686e-01,-5.271417918480001547e-02,3.334965963314026616e-01,-1.524010809135708078e+00,-1.174917189476552687e-01,4.790473463750228866e-01,1.631888921115615121e+00,1.265629043055762182e+00,8.627648084242549587e-01,2.255718832872370072e+00,1.574433583100598888e+00,-3.993061750716018765e-01,1.066091227100850913e+00,1.868091281401134118e+00,-2.152157763945472091e+00,3.717059583754018792e-01,7.200333614229448287e-01,8.750785605406370404e-01,2.011773358507123355e+00,1.631888921115615121e+00,1.265629043055762182e+00,1.000000000000000000e+00
1.500000000000000222e+00,-6.666666666666666297e-01,-7.905694150420948807e-01,-5.477225575051660744e-01,-5.477225575051660744e-01,-5.477225575051660744e-01,1.825741858350553359e+00,-2.886751345948129210e-01,-1.400280084028009964e-01,-2.886751345948129210e-01,-2.474358296526967260e-01,-2.474358296526967538e-01,-2.000000000000000111e-01,-1.400280084028009964e-01,-1.400280084028009686e-01,-3.611575592573076920e-01,-2.000000000000000111e-01,-1.400280084028009686e-01,-2.474358296526967260e-01,-2.474358296526967260e-01,-2.000000000000000111e-01,-2.474358296526967260e-01,-2.474358296526967260e-01,-2.000000000000000111e-01,-2.000000000000000111e-01,0.000000000000000000e+00,0.000000000000000000e+00,3.464101615137754830e+00,-2.474358296526967538e-01,-1.400280084028009686e-01,-1.400280084028009686e-01,-1.400280084028009686e-01,1.987378284328409628e-01,1.166296006379313299e+00,-9.152139084266627256e-01,6.906001800740026175e-02,1.379425491369041801e+00,2.226510291106205575e+00,2.128781492756356197e+00,4.895777283696038373e-01,1.836063230292639625e+00,1.526210963244010399e+00,-1.393438502789001721e-01,1.089285233267382358e+00,1.615307751591538388e+00,-1.252981950103882136e+00,1.179176998904238882e+00,6.885877357131588994e-01,1.828076267045691150e+00,-5.492319985942492044e-01,2.226510291106205575e+00,2.128781492756356197e+00,1.000000000000000000e+00
-6.666666666666668517e-01,-6.666666666666666297e-01,1.264911064067351765e+00,-5.477225575051660744e-01,-5.477225575051660744e-01,-5.477225575051660744e-01,-5.477225575051660744e-01,3.464101615137754830e+00,-1.400280084028009964e-01,-2.886751345948129210e-01,-2.474358296526967260e-01,-2.474358296526967538e-01,-2.000000000000000111e-01,-1.400280084028009964e-01,-1.400280084028009686e-01,-3.611575592573076920e-01,-2.000000000000000111e-01,-1.400280084028009686e-01,-2.474358296526967260e-01,-2.474358296526967260e-01,-2.000000000000000111e-01,-2.474358296526967260e-01,-2.474358296526967260e-01,5.000000000000000000e+00,-2.000000000000000111e-01,0.000000000000000000e+00,0.000000000000000000e+00,-2.886751345948129210e-01,-2.474358296526967538e-01,-1.400280084028009686e-01,-1.400280084028009686e-01,-1.400280084028009686e-01,2.390943234825858021e-01,6.764140004687779761e-01,5.333028553293418517e-01,4.421634919175104761e-01,1.789212980436831468e-01,-1.136125198245045015e-01,2.746021563624873041e-01,2.043222685082481505e+00,-5.941325157306816873e-08,8.655342025653100452e-08,-3.482082398710188660e-08,1.163578907249568517e-08,-2.184818775407214493e-08,6.255447214940457518e-09,1.556510482931731110e-01,7.071692418143963321e-01,-7.787564002027634429e-03,-8.775660187354509256e-01,-1.136125198245045015e-01,2.746021563624873041e-01,1.000000000000000000e+00
1.500000000000000222e+00,-6.666666666666666297e-01,-7.905694150420948807e-01,1.825741858350553359e+00,-5.477225575051660744e-01,-5.477225575051660744e-01,-5.477225575051660744e-01,-2.886751345948129210e-01,-1.400280084028009964e-01,-2.886751345948129210e-01,-2.474358296526967260e-01,-2.474358296526967538e-01,-2.000000000000000111e-01,-1.400280084028009964e-01,-1.400280084028009686e-01,2.768874620972691769e+00,-2.000000000000000111e-01,-1.400280084028009686e-01,-2.474358296526967260e-01,-2.474358296526967260e-01,-2.000000000000000111e-01,-2.474358296526967260e-01,-2.474358296526967260e-01,-2.000000000000000111e-01,-2.000000000000000111e-01,0.000000000000000000e+00,0.000000000000000000e+00,-2.886751345948129210e-01,-2.474358296526967538e-01,-1.400280084028009686e-01,-1.400280084028009686e-01,-1.400280084028009686e-01,-7.444459959620108869e-02,-4.993028137165071989e-01,-7.682629323934450083e-01,-3.506813901414744805e-01,-6.117954062138889620e-02,-6.698712207834437438e-01,-8.549553704061915171e-01,-7.939359946635474730e-01,-5.941325157306816873e-08,8.655342025653100452e-08,-3.482082398710188660e-08,1.163578907249568517e-08,-2.184818775407214493e-08,6.255447214940457518e-09,1.850509252980334640e-01,-4.663243358098959623e-01,9.271116697385386463e-01,-4.940718832105275293e-01,-6.698712207834437438e-01,-8.549553704061915171e-01,1.000000000000000000e+00
-6.666666666666668517e-01,-6.666666666666666297e-01,1.264911064067351765e+00,1.825741858350553359e+00,-5.477225575051660744e-01,-5.477225575051660744e-01,-5.477225575051660744e-01,-2.886751345948129210e-01,-1.400280084028009964e-01,-2.886751345948129210e-01,-2.474358296526967260e-01,-2.474358296526967538e-01,-2.000000000000000111e-01,-1.400280084028009964e-01,-1.400280084028009686e-01,-3.611575592573076920e-01,5.000000000000000000e+00,-1.400280084028009686e-01,-2.474358296526967260e-01,-2.474358296526967260e-01,-2.000000000000000111e-01,-2.474358296526967260e-01,-2.474358296526967260e-01,-2.000000000000000111e-01,-2.000000000000000111e-01,0.000000000000000000e+00,0.000000000000000000e+00,-2.886751345948129210e-01,-2.474358296526967538e-01,-1.400280084028009686e-01,-1.400280084028009686e-01,-1.400280084028009686e-01,-2.544966544335242609e-01,-2.409842636767595359e+00,-1.586989798864230083e+00,-1.796457351543153669e+00,-1.481776169389730446e+00,-1.139813916421168249e+00,-1.622201992362275247e+00,-2.166452494111406502e+00,1.069008778326116862e-02,5.971218206737431977e-01,-1.790945286897208000e+00,-1.204904507117823487e+00,1.980158260298736095e-01,-9.197989741222700744e-01,-1.099655328007372201e+00,-1.842785133924625507e+00,1.399368693436888966e+00,-6.884456231341187227e-01,-1.139813916421168249e+00,-1.622201992362275247e+00,1.000000000000000000e+00
-6.666666666666668517e-01,-6.666666666666666297e-01,1.264911064067351765e+00,1.825741858350553359e+00,-5.477225575051660744e-01,-5.477225575051660744e-01,-5.477225575051660744e-01,-2.886751345948129210e-01,-1.400280084028009964e-01,-2.886751345948129210e-01,-2.474358296526967260e-01,-2.474358296526967538e-01,-2.000000000000000111e-01,-1.400280084028009964e-01,-1.400280084028009686e-01,-3.611575592573076920e-01,-2.000000000000000111e-01,-1.400280084028009686e-01,4.041451884327379673e+00,-2.474358296526967260e-01,-2.000000000000000111e-01,-2.474358296526967260e-01,-2.474358296526967260e-01,-2.000000000000000111e-01,-2.000000000000000111e-01,0.000000000000000000e+00,0.000000000000000000e+00,-2.886751345948129210e-01,-2.474358296526967538e-01,-1.400280084028009686e-01,-1.400280084028009686e-01,-1.400280084028009686e-01,1.118161467872366699e-01,-2.360854436176541782e+00,-1.272094850221620277e+00,-1.330078009155515328e+00,-1.281692137168837231e+00,-1.139813916421168249e+00,-1.622201992362275247e+00,-2.068081004389887401e+00,6.157150362877799044e-01,1.153289369686394394e+00,-1.496062649818919787e+00,-5.635398148606846069e-01,7.774297595260254434e-01,-5.833631657391634695e-01,-3.311562174617224685e-01,-5.535144798233934127e-01,6.488476509845410023e-01,9.177644033966400050e-01,-1.139813916421168249e+00,-1.622201992362275247e+00,1.000000000000000000e+00
-6.666666666666668517e-01,1.499999999999999778e+00,-7.905694150420948807e-01,-5.477225575051660744e-01,-5.477225575051660744e-01,1.825741858350553359e+00,-5.477225575051660744e-01,-2.886751345948129210e-01,-1.400280084028009964e-01,-2.886751345948129210e-01,4.041451884327379673e+00,-2.474358296526967538e-01,-2.000000000000000111e-01,-1.400280084028009964e-01,-1.400280084028009686e-01,-3.611575592573076920e-01,-2.000000000000000111e-01,-1.400280084028009686e-01,-2.474358296526967260e-01,-2.474358296526967260e-01,-2.000000000000000111e-01,-2.474358296526967260e-01,-2.474358296526967260e-01,-2.000000000000000111e-01,-2.000000000000000111e-01,0.000000000000000000e+00,0.000000000000000000e+00,-2.886751345948129210e-01,-2.474358296526967538e-01,-1.400280084028009686e-01,-1.400280084028009686e-01,-1.400280084028009686e-01,1.608110809400853158e+00,4.804611981045636138e-01,-2.854240111414432235e-01,-7.085378470889158731e-02,-3.412971857306390522e-01,5.901949081792492308e-02,3.598517810242743420e-01,2.319381124322925092e-01,-3.548994555684058527e-01,-2.515962888022107435e-01,3.267102135010110930e-02,-1.934441512468952074e-01,-3.799779752763361995e-01,-5.276003245706927247e-01,2.329111901896664671e-01,8.129408919291312152e-01,5.526995144232002000e-01,-9.918262577445893236e-01,5.901949081792492308e-02,3.598517810242743420e-01,1.000000000000000000e+00
-6.666666666666668517e-01,-6.666666666666666297e-01,1.264911064067351765e+00,-5.477225575051660744e-01,-5.477225575051660744e-01,-5.477225575051660744e-01,-5.477225575051660744e-01,3.464101615137754830e+00,-1.400280084028009964e-01,-2.886751345948129210e-01,-2.474358296526967260e-01,-2.474358296526967538e-01,-2.000000000000000111e-01,-1.400280084028009964e-01,-1.400280084028009686e-01,-3.611575592573076920e-01,-2.000000000000000111e-01,-1.400280084028009686e-01,-2.474358296526967260e-01,-2.474358296526967260e-01,-2.000000000000000111e-01,-2.474358296526967260e-01,-2.474358296526967260e-01,-2.000000000000000111e-01,5.000000000000000000e+00,0.000000000000000000e+00,0.000000000000000000e+00,-2.886751345948129210e-01,-2.474358296526967538e-01,-1.400280084028009686e-01,-1.400280084028009686e-01,-1.400280084028009686e-01,-2.079314678376648073e-01,4.804611981045636138e-01,7.012468279387339409e-01,8.619049000663852045e-01,9.392406204830769934e-01,-1.136125198245045015e-01,2.746021563624873041e-01,1.386848163244535924e-16,-5.531416727379715459e-01,-7.273928047205485692e-01,6.806368159826557962e-01,8.589235780220415284e-02,-6.980875858232429287e-01,-1.270372488438450409e-01,6.636535742143634398e-01,4.420254432159720914e-01,-5.892010015611943707e-01,-1.406840459203068106e+00,-1.136125198245045015e-01,2.746021563624873041e-01,1.000000000000000000e+00
-6.666666666666668517e-01,1.499999999999999778e+00,-7.905694150420948807e-01,-5.477225575051660744e-01,-5.477225575051660744e-01,-5.477225575051660744e-01,1.825741858350553359e+00,-2.886751345948129210e-01,-1.400280084028009964e-01,-2.886751345948129210e-01,-2.474358296526967260e-01,-2.474358296526967538e-01,-2.000000000000000111e-01,-1.400280084028009964e-01,-1.400280084028009686e-01,-3.611575592573076920e-01,-2.000000000000000111e-01,-1.400280084028009686e-01,-2.474358296526967260e-01,-2.474358296526967260e-01,-2.000000000000000111e-01,-2.474358296526967260e-01,-2.474358296526967260e-01,5.000000000000000000e+00,-2.000000000000000111e-01,0.000000000000000000e+00,0.000000000000000000e+00,-2.886751345948129210e-01,-2.474358296526967538e-01,-1.400280084028009686e-01,-1.400280084028009686e-01,-1.400280084028009686e-01,1.111415485711686024e+00,8.723668028329913948e-01,2.813868964152542174e-01,7.686290315888578695e-01,5.190641528192013743e-01,7.975008696772063477e-01,1.020536372153124205e+00,1.146949112064198584e+00,-6.561246426961876432e-01,-6.727405022164152371e-01,6.871035404799867852e-01,6.774052688926629484e-02,-7.307506261918985668e-01,2.526147614448263079e-01,5.672493263612168324e-01,4.891938817806514850e-01,1.177705908016055542e-01,-1.117906521478810644e+00,7.975008696772063477e-01,1.020536372153124205e+00,1.000000000000000000e+00
-6.666666666666668517e-01,-6.666666666666666297e-01,1.264911064067351765e+00,-5.477225575051660744e-01,-5.477225575051660744e-01,-5.477225575051660744e-01,1.825741858350553359e+00,-2.886751345948129210e-01,-1.400280084028009964e-01,-2.886751345948129210e-01,-2.474358296526967260e-01,-2.474358296526967538e-01,5.000000000000000000e+00,-1.400280084028009964e-01,-1.400280084028009686e-01,-3.611575592573076920e-01,-2.000000000000000111e-01,-1.400280084028009686e-01,-2.474358296526967260e-01,-2.474358296526967260e-01,-2.000000000000000111e-01,-2.474358296526967260e-01,-2.474358296526967260e-01,-2.000000000000000111e-01,-2.000000000000000111e-01,0.000000000000000000e+00,0.000000000000000000e+00,-2.886751345948129210e-01,-2.474358296526967538e-01,-1.400280084028009686e-01,-1.400280084028009686e-01,-1.400280084028009686e-01,-4.811138958667068311e-01,8.855559337613493065e-02,9.951487800051701527e-01,6.753531631113296463e-01,9.888768515532579684e-02,-1.615658561140682348e-01,-3.541138255181924266e-01,5.832648614377170526e-01,-3.188554160830301409e-01,-1.069284292324461372e-01,7.039170241730470234e-01,3.904397431192735413e-01,-2.947700438798433464e-01,6.027589349485149572e-01,4.858868760454408964e-01,2.376288761023619966e-01,3.519630881363040864e-02,-1.303086908838448243e+00,-1.615658561140682348e-01,-3.541138255181924266e-01,1.000000000000000000e+00
1.500000000000000222e+00,-6.666666666666666297e-01,-7.905694150420948807e-01,-5.477225575051660744e-01,1.825741858350553359e+00,-5.477225575051660744e-01,-5.477225575051660744e-01,-2.886751345948129210e-01,-1.400280084028009964e-01,-2.886751345948129210e-01,-2.474358296526967260e-01,-2.474358296526967538e-01,-2.000000000000000111e-01,-1.400280084028009964e-01,-1.400280084028009686e-01,-3.611575592573076920e-01,-2.000000000000000111e-01,-1.400280084028009686e-01,-2.474358296526967260e-01,-2.474358296526967260e-01,-2.000000000000000111e-01,-2.474358296526967260e-01,4.041451884327379673e+00,-2.000000000000000111e-01,-2.000000000000000111e-01,0.000000000000000000e+00,0.000000000000000000e+00,-2.886751345948129210e-01,-2.474358296526967538e-01,-1.400280084028009686e-01,-1.400280084028009686e-01,-1.400280084028009686e-01,2.443179822353265696e+00,-9.420807805971801244e-03,2.184079066867321284e-01,4.888014261562741436e-01,8.191902011505415304e-01,4.905995174239984880e-01,3.172269686933808508e-01,-4.675924811429530425e-01,-1.515080899009292326e-01,-2.194478755644853341e-01,7.569441650511602449e-01,4.620386317203064031e-01,-2.521660781815968089e-01,1.350481046479672098e-01,-9.595720142284044907e-02,9.708836937896481167e-01,-2.096986507808435429e-01,5.697303420469662649e-01,4.905995174239984880e-01,3.172269686933808508e-01,1.000000000000000000e+00
1.500000000000000222e+00,-6.666666666666666297e-01,-7.905694150420948807e-01,-5.477225575051660744e-01,-5.477225575051660744e-01,-5.477225575051660744e-01,1.825741858350553359e+00,-2.886751345948129210e-01,-1.400280084028009964e-01,-2.886751345948129210e-01,4.041451884327379673e+00,-2.474358296526967538e-01,-2.000000000000000111e-01,-1.400280084028009964e-01,-1.400280084028009686e-01,-3.611575592573076920e-01,-2.000000000000000111e-01,-1.400280084028009686e-01,-2.474358296526967260e-01,-2.474358296526967260e-01,-2.000000000000000111e-01,-2.474358296526967260e-01,-2.474358296526967260e-01,-2.000000000000000111e-01,-2.000000000000000111e-01,0.000000000000000000e+00,0.000000000000000000e+00,-2.886751345948129210e-01,-2.474358296526967538e-01,-1.400280084028009686e-01,-1.400280084028009686e-01,-1.400280084028009686e-01,-4.221313261786182047e-01,1.117307805788259056e+00,-1.209115860493098271e+00,7.219910973500933693e-01,2.419862458917687142e+00,2.226510291106205575e+00,2.128781492756356197e+00,6.051251924869435195e-01,2.374149248324318950e+00,1.510136756625148013e+00,7.246105425645058551e-01,1.967632162443432531e+00,1.903594586149672807e+00,-1.868696654672413082e+00,1.849220707387100759e+00,1.115962376041615745e+00,2.541834786695173598e+00,1.763552839280375206e+00,2.226510291106205575e+00,2.128781492756356197e+00,1.000000000000000000e+00
1.500000000000000222e+00,-6.666666666666666297e-01,-7.905694150420948807e-01,-5.477225575051660744e-01,1.825741858350553359e+00,-5.477225575051660744e-01,-5.477225575051660744e-01,-2.886751345948129210e-01,-1.400280084028009964e-01,-2.886751345948129210e-01,-2.474358296526967260e-01,-2.474358296526967538e-01,-2.000000000000000111e-01,-1.400280084028009964e-01,-1.400280084028009686e-01,2.768874620972691769e+00,-2.000000000000000111e-01,-1.400280084028009686e-01,-2.474358296526967260e-01,-2.474358296526967260e-01,-2.000000000000000111e-01,-2.474358296526967260e-01,-2.474358296526967260e-01,-2.000000000000000111e-01,-2.000000000000000111e-01,0.000000000000000000e+00,0.000000000000000000e+00,-2.886751345948129210e-01,-2.474358296526967538e-01,-1.400280084028009686e-01,-1.400280084028009686e-01,-1.400280084028009686e-01,-4.340114186562812892e-02,-2.543618107612395374e-01,-4.323749871746609408e-01,2.089738207236912781e-01,1.019274233371434635e+00,4.905995174239984880e-01,3.172269686933808508e-01,-1.505958205981207998e+00,2.281464575361924485e+00,2.108097242846842523e+00,-1.005435032949147794e-01,1.476524292743391031e+00,2.118034546830846576e+00,-6.546931334004987280e-01,8.605643783399389291e-01,9.612356040832469029e-02,5.917243463216266264e-01,6.419638264780306303e-01,4.905995174239984880e-01,3.172269686933808508e-01,1.000000000000000000e+00
-6.666666666666668517e-01,-6.666666666666666297e-01,1.264911064067351765e+00,1.825741858350553359e+00,-5.477225575051660744e-01,-5.477225575051660744e-01,-5.477225575051660744e-01,-2.886751345948129210e-01,7.141428428542850426e+00,-2.886751345948129210e-01,-2.474358296526967260e-01,-2.474358296526967538e-01,-2.000000000000000111e-01,-1.400280084028009964e-01,-1.400280084028009686e-01,-3.611575592573076920e-01,-2.000000000000000111e-01,-1.400280084028009686e-01,-2.474358296526967260e-01,-2.474358296526967260e-01,-2.000000000000000111e-01,-2.474358296526967260e-01,-2.474358296526967260e-01,-2.000000000000000111e-01,-2.000000000000000111e-01,0.000000000000000000e+00,0.000000000000000000e+00,-2.886751345948129210e-01,-2.474358296526967538e-01,-1.400280084028009686e-01,-1.400280084028009686e-01,-1.400280084028009686e-01,-8.908875379102698666e-01,-2.311866235585488205e+00,-1.482024815983360222e+00,-1.749819417304389724e+00,-7.614736533945150043e-01,-1.139813916421168249e+00,-1.622201992362275247e+00,-1.640243096712170390e+00,4.329202646119467146e-01,9.603988902600413269e-01,-1.671957556146319801e+00,-8.327919734025964749e-01,5.913924426436828474e-01,-7.964236880370286764e-01,-1.229561761284661880e+00,-7.264654212272175782e-01,1.109836635149227396e-01,1.140027220909777400e-01,-1.139813916421168249e+00,-1.622201992362275247e+00,1.000000000000000000e+00
-6.666666666666668517e-01,-6.666666666666666297e-01,1.264911064067351765e+00,-5.477225575051660744e-01,-5.477225575051660744e-01,-5.477225575051660744e-01,-5.477225575051660744e-01,3.464101615137754830e+00,-1.400280084028009964e-01,-2.886751345948129210e-01,-2.474358296526967260e-01,-2.474358296526967538e-01,-2.000000000000000111e-01,-1.400280084028009964e-01,-1.400280084028009686e-01,2.768874620972691769e+00,-2.000000000000000111e-01,-1.400280084028009686e-01,-2.474358296526967260e-01,-2.474358296526967260e-01,-2.000000000000000111e-01,-2.474358296526967260e-01,-2.474358296526967260e-01,-2.000000000000000111e-01,-2.000000000000000111e-01,0.000000000000000000e+00,0.000000000000000000e+00,-2.886751345948129210e-01,-2.474358296526967538e-01,-1.400280084028009686e-01,-1.400280084028009686e-01,-1.400280084028009686e-01,-3.134792241216128872e-01,9.703432040150989923e-01,1.974149101105585891e-01,4.888014261562741436e-01,1.279383475258595304e+00,-1.136125198245045015e-01,2.746021563624873041e-01,1.877708749995481652e+00,-2.313198916185465470e-01,-1.969439862980773837e-01,2.253794113705616942e-01,2.336938465764056352e-02,-2.862492507401939723e-01,-6.031125053196634278e-01,5.911794588070333756e-01,2.962320876524183189e-01,6.901347919785282281e-01,-1.402900450961373613e+00,-1.136125198245045015e-01,2.746021563624873041e-01,1.000000000000000000e+00
-6.666666666666668517e-01,-6.666666666666666297e-01,1.264911064067351765e+00,-5.477225575051660744e-01,-5.477225575051660744e-01,-5.477225575051660744e-01,1.825741858350553359e+00,-2.886751345948129210e-01,-1.400280084028009964e-01,-2.886751345948129210e-01,-2.474358296526967260e-01,-2.474358296526967538e-01,-2.000000000000000111e-01,7.141428428542850426e+00,-1.400280084028009686e-01,-3.611575592573076920e-01,-2.000000000000000111e-01,-1.400280084028009686e-01,-2.474358296526967260e-01,-2.474358296526967260e-01,-2.000000000000000111e-01,-2.474358296526967260e-01,-2.474358296526967260e-01,-2.000000000000000111e-01,-2.000000000000000111e-01,0.000000000000000000e+00,0.000000000000000000e+00,-2.886751345948129210e-01,-2.474358296526967538e-01,-1.400280084028009686e-01,-1.400280084028009686e-01,-1.400280084028009686e-01,-1.378269824280265343e+00,-9.420807805971801244e-03,1.344359203820365001e-01,3.022496892012194736e-01,2.789633141541297268e-01,-1.615658561140682348e-01,-3.541138255181924266e-01,3.363368077145276192e-02,6.285879075325571108e-01,1.275453339989751633e+00,8.052478263034977546e-02,7.091052191464051191e-01,8.384954436935119215e-01,2.200864374298849291e-01,8.674015590387437191e-01,3.283923866737905040e-01,-3.262945810905972313e-03,5.802370306914841347e-01,-1.615658561140682348e-01,-3.541138255181924266e-01,1.000000000000000000e+00
-6.666666666666668517e-01,1.499999999999999778e+00,-7.905694150420948807e-01,-5.477225575051660744e-01,-5.477225575051660744e-01,1.825741858350553359e+00,-5.477225575051660744e-01,-2.886751345948129210e-01,-1.400280084028009964e-01,-2.886751345948129210e-01,-2.474358296526967260e-01,-2.474358296526967538e-01,-2.000000000000000111e-01,-1.400280084028009964e-01,-1.400280084028009686e-01,-3.611575592573076920e-01,-2.000000000000000111e-01,-1.400280084028009686e-01,-2.474358296526967260e-01,4.041451884327379673e+00,-2.000000000000000111e-01,-2.474358296526967260e-01,-2.474358296526967260e-01,-2.000000000000000111e-01,-2.000000000000000111e-01,0.000000000000000000e+00,0.000000000000000000e+00,-2.886751345948129210e-01,-2.474358296526967538e-01,-1.400280084028009686e-01,-1.400280084028009686e-01,-1.400280084028009686e-01,1.118161467872366699e-01,9.213550034240456377e-01,1.134429238058622114e-01,2.089738207236912781e-01,-2.012383631760139846e-01,5.901949081792492308e-02,3.598517810242743420e-01,1.146949112064198584e+00,-3.291537130788517174e-01,5.167507875794293826e-01,1.270851990111320495e-01,1.322803701352677497e-01,-2.494492779094946086e-02,-3.777376889304276397e-01,9.494477274244002007e-01,1.239600858946002582e+00,5.220713297447626515e-03,-3.167715123342786376e-01,5.901949081792492308e-02,3.598517810242743420e-01,2.000000000000000000e+00
1.500000000000000222e+00,-6.666666666666666297e-01,-7.905694150420948807e-01,-5.477225575051660744e-01,-5.477225575051660744e-01,1.825741858350553359e+00,-5.477225575051660744e-01,-2.886751345948129210e-01,-1.400280084028009964e-01,-2.886751345948129210e-01,-2.474358296526967260e-01,-2.474358296526967538e-01,-2.000000000000000111e-01,-1.400280084028009964e-01,-1.400280084028009686e-01,-3.611575592573076920e-01,-2.000000000000000111e-01,-1.400280084028009686e-01,-2.474358296526967260e-01,4.041451884327379673e+00,-2.000000000000000111e-01,-2.474358296526967260e-01,-2.474358296526967260e-01,-2.000000000000000111e-01,-2.000000000000000111e-01,0.000000000000000000e+00,0.000000000000000000e+00,-2.886751345948129210e-01,-2.474358296526967538e-01,-1.400280084028009686e-01,-1.400280084028009686e-01,-1.400280084028009686e-01,-4.966356247319932971e-01,4.314729975135102591e-01,2.947093750116656571e-02,7.686290315888578695e-01,1.339408684924863424e+00,1.631888921115615121e+00,1.265629043055762182e+00,1.037647456818066249e+00,7.727640654740596249e-01,7.160709496533274043e-01,8.047979263314088971e-01,1.154833511564102411e+00,6.709198452804092661e-01,-1.072449751820958364e+00,1.544966166290290932e+00,1.260326384981997894e+00,-1.570999643090511544e-01,5.145702266632438127e-01,1.631888921115615121e+00,1.265629043055762182e+00,2.000000000000000000e+00
1.500000000000000222e+00,-6.666666666666666297e-01,-7.905694150420948807e-01,-5.477225575051660744e-01,-5.477225575051660744e-01,-5.477225575051660744e-01,1.825741858350553359e+00,-2.886751345948129210e-01,-1.400280084028009964e-01,-2.886751345948129210e-01,-2.474358296526967260e-01,-2.474358296526967538e-01,-2.000000000000000111e-01,-1.400280084028009964e-01,-1.400280084028009686e-01,-3.611575592573076920e-01,-2.000000000000000111e-01,-1.400280084028009686e-01,-2.474358296526967260e-01,-2.474358296526967260e-01,-2.000000000000000111e-01,-2.474358296526967260e-01,-2.474358296526967260e-01,-2.000000000000000111e-01,-2.000000000000000111e-01,0.000000000000000000e+00,0.000000000000000000e+00,-2.886751345948129210e-01,4.041451884327380562e+00,-1.400280084028009686e-01,-1.400280084028009686e-01,-1.400280084028009686e-01,1.130041560350029783e+00,1.852130814654062263e+00,1.764219135343843003e-01,2.261042927229300226e+00,1.719568346144560778e+00,2.226510291106205575e+00,2.128781492756356197e+00,9.548904892745663231e-01,1.251634875779763956e+00,2.467041163825345051e-01,2.837936108292238302e+00,2.780430813322762873e+00,7.277251328780710571e-01,-8.340636058257461238e-01,3.275456601157764602e+00,2.818314204239583898e+00,7.998567831132347150e-01,6.156971048667344570e-01,2.226510291106205575e+00,2.128781492756356197e+00,2.000000000000000000e+00
1.500000000000000222e+00,-6.666666666666666297e-01,-7.905694150420948807e-01,-5.477225575051660744e-01,-5.477225575051660744e-01,-5.477225575051660744e-01,1.825741858350553359e+00,-2.886751345948129210e-01,-1.400280084028009964e-01,-2.886751345948129210e-01,-2.474358296526967260e-01,4.041451884327380562e+00,-2.000000000000000111e-01,-1.400280084028009964e-01,-1.400280084028009686e-01,-3.611575592573076920e-01,-2.000000000000000111e-01,-1.400280084028009686e-01,-2.474358296526967260e-01,-2.474358296526967260e-01,-2.000000000000000111e-01,-2.474358296526967260e-01,-2.474358296526967260e-01,-2.000000000000000111e-01,-2.000000000000000111e-01,0.000000000000000000e+00,0.000000000000000000e+00,-2.886751345948129210e-01,-2.474358296526967538e-01,-1.400280084028009686e-01,-1.400280084028009686e-01,-1.400280084028009686e-01,-7.325659034843478024e-01,1.215284206970366654e+00,3.233728895676020731e-01,1.328284242454023545e+00,2.039702797697989567e+00,2.226510291106205575e+00,2.128781492756356197e+00,3.381168632428208087e-01,1.125480737580949242e+00,5.488992008171548198e-01,1.573044796614317509e+00,1.839560911002148247e+00,7.916310814254405859e-01,-4.204892004929219329e-01,2.332609382792594666e+00,2.022168135132726086e+00,1.031743465408233140e+00,2.400829858251994631e-01,2.226510291106205575e+00,2.128781492756356197e+00,2.000000000000000000e+00
