-6.666666666666666297e-01,1.499999999999999778e+00,-7.905694150420947697e-01,-5.477225575051660744e-01,-5.477225575051660744e-01,1.825741858350553359e+00,-5.477225575051660744e-01,-2.886751345948129210e-01,-2.474358296526967260e-01,-2.000000000000000389e-01,-2.474358296526967538e-01,-1.400280084028009964e-01,-3.611575592573076920e-01,-2.886751345948129210e-01,-2.000000000000000111e-01,-2.886751345948129210e-01,-2.886751345948129210e-01,-2.000000000000000389e-01,-2.886751345948129210e-01,-2.000000000000000111e-01,-2.000000000000000389e-01,-2.000000000000000111e-01,-2.474358296526967260e-01,-1.400280084028009686e-01,-2.000000000000000111e-01,7.141428428542848650e+00,-1.400280084028009686e-01,-1.400280084028009686e-01,-1.400280084028009964e-01,-1.400280084028009686e-01,1.710584249734771856e+00,1.763884637999533211e+00,1.112116383996145874e+00,5.565225529676932625e-01,7.913273385795644987e-01,-4.978408978050480327e-01,5.901949081792492308e-02,3.598517810242743420e-01,1.602148186311633804e-01,4.655873708435004921e-01,4.676403961410784960e-01,1.026888587149173748e+00,1.705812880426978317e+00,4.701631804766823186e-01,5.771686356564447173e-01,-5.589801631976911711e-01,-6.899214622515198458e-01,-1.848203192197745759e+00,-7.846523917825319883e-01,2.031187481329713718e-01,3.918653168499276473e-01,0.000000000000000000e+00
-6.666666666666666297e-01,-6.666666666666666297e-01,1.264911064067351765e+00,-5.477225575051660744e-01,-5.477225575051660744e-01,-5.477225575051660744e-01,-5.477225575051660744e-01,3.464101615137754830e+00,-2.474358296526967260e-01,-2.000000000000000389e-01,-2.474358296526967538e-01,-1.400280084028009964e-01,-3.611575592573076920e-01,-2.886751345948129210e-01,5.000000000000000000e+00,-2.886751345948129210e-01,-2.886751345948129210e-01,-2.000000000000000389e-01,-2.886751345948129210e-01,-2.000000000000000111e-01,-2.000000000000000389e-01,-2.000000000000000111e-01,-2.474358296526967260e-01,-1.400280084028009686e-01,-2.000000000000000111e-01,-1.400280084028009686e-01,-1.400280084028009686e-01,-1.400280084028009686e-01,-1.400280084028009964e-01,-1.400280084028009686e-01,-1.150982152630782407e+00,-1.315847353244088858e+00,5.491689754600439510e-01,2.453486523836077848e-01,9.012045658322684893e-01,1.513929493666759996e+00,-1.136125198245045015e-01,2.746021563624873041e-01,1.049111958223211127e+00,-7.518283766798000700e-01,-8.430875530826136277e-01,1.168420429602510247e+00,6.724713408988940433e-01,-7.996147290960310405e-01,-7.783760508762138652e-01,9.399591451230954187e-01,7.672388639732654614e-01,-2.329831718866008927e-01,-7.931206296745924034e-01,2.993328919853740014e-03,3.052468408618460027e-01,0.000000000000000000e+00
-6.666666666666666297e-01,1.499999999999999778e+00,-7.905694150420947697e-01,-5.477225575051660744e-01,-5.477225575051660744e-01,-5.477225575051660744e-01,1.825741858350553359e+00,-2.886751345948129210e-01,-2.474358296526967260e-01,-2.000000000000000389e-01,-2.474358296526967538e-01,-1.400280084028009964e-01,-3.611575592573076920e-01,-2.886751345948129210e-01,-2.000000000000000111e-01,-2.886751345948129210e-01,3.464101615137754830e+00,-2.000000000000000389e-01,-2.886751345948129210e-01,-2.000000000000000111e-01,-2.000000000000000389e-01,-2.000000000000000111e-01,-2.474358296526967260e-01,-1.400280084028009686e-01,-2.000000000000000111e-01,-1.400280084028009686e-01,-1.400280084028009686e-01,-1.400280084028009686e-01,-1.400280084028009964e-01,-1.400280084028009686e-01,2.400489654116193527e+00,2.150798690862349094e+00,8.050541611582721080e-01,1.250679715809116965e+00,1.505529315722137218e+00,5.190979814004814674e-01,7.975008696772063477e-01,1.020536372153124205e+00,-3.316330364830361692e-08,-6.084771375162479901e-01,-5.941508495478813323e-01,1.082231166570029712e+00,7.503334590549386451e-01,-6.065148626633140028e-01,4.370102104152132072e-01,1.502617372133716600e+00,1.414010158043975673e+00,-1.491515956966444068e-01,-9.937527274249481346e-01,1.059210819211307886e+00,1.063158505757560546e+00,0.000000000000000000e+00
1.499999999999999778e+00,-6.666666666666666297e-01,-7.905694150420947697e-01,-5.477225575051660744e-01,-5.477225575051660744e-01,-5.477225575051660744e-01,1.825741858350553359e+00,-2.886751345948129210e-01,-2.474358296526967260e-01,-2.000000000000000389e-01,-2.474358296526967538e-01,-1.400280084028009964e-01,-3.611575592573076920e-01,-2.886751345948129210e-01,-2.000000000000000111e-01,-2.886751345948129210e-01,-2.886751345948129210e-01,-2.000000000000000389e-01,3.464101615137754830e+00,-2.000000000000000111e-01,-2.000000000000000389e-01,-2.000000000000000111e-01,-2.474358296526967260e-01,-1.400280084028009686e-01,-2.000000000000000111e-01,-1.400280084028009686e-01,-1.400280084028009686e-01,-1.400280084028009686e-01,-1.400280084028009964e-01,-1.400280084028009686e-01,-6.151793299840422335e-01,-2.823453865367013815e-01,1.521532681113311192e+00,-8.078553188240691352e-01,7.712536143699275093e-02,1.889754731634020635e+00,2.226510291106205575e+00,2.128781492756356197e+00,1.365791362451771462e+00,6.945214393584270285e-01,7.391397728512430487e-02,4.734627929406117763e-01,9.727966537864960461e-01,4.139886738780737541e-01,-1.023143363147803075e+00,1.245195673412454296e+00,9.045494363255789372e-01,1.709277474142340436e+00,2.037225035017926622e+00,1.314926632650291527e+00,2.189198693602622203e+00,0.000000000000000000e+00
1.499999999999999778e+00,-6.666666666666666297e-01,-7.905694150420947697e-01,1.825741858350553359e+00,-5.477225575051660744e-01,-5.477225575051660744e-01,-5.477225575051660744e-01,-2.886751345948129210e-01,-2.474358296526967260e-01,5.000000000000000888e+00,-2.474358296526967538e-01,-1.400280084028009964e-01,-3.611575592573076920e-01,-2.886751345948129210e-01,-2.000000000000000111e-01,-2.886751345948129210e-01,-2.886751345948129210e-01,-2.000000000000000389e-01,-2.886751345948129210e-01,-2.000000000000000111e-01,-2.000000000000000389e-01,-2.000000000000000111e-01,-2.474358296526967260e-01,-1.400280084028009686e-01,-2.000000000000000111e-01,-1.400280084028009686e-01,-1.400280084028009686e-01,-1.400280084028009686e-01,-1.400280084028009964e-01,-1.400280084028009686e-01,-4.563351303498317524e-01,-3.472638517821403092e-01,1.909297154825247977e-01,-2.333804254380632826e-01,-2.525063203211173612e-01,-1.220156598377874074e-01,-6.698712207834437438e-01,-8.549553704061915171e-01,-1.658709045348786826e-01,1.306438669220753690e+00,1.387182096953048394e+00,-5.118165718306967316e-01,6.591235492150000486e-01,1.353741357183962046e+00,-1.210009836325171839e-01,7.676033641218180659e-01,4.220375185267946083e-01,3.704092195271578292e-01,4.132775684866374366e-01,-2.042733178592015530e+00,-8.424479659802361908e-01,0.000000000000000000e+00
-6.666666666666666297e-01,1.499999999999999778e+00,-7.905694150420947697e-01,-5.477225575051660744e-01,-5.477225575051660744e-01,1.825741858350553359e+00,-5.477225575051660744e-01,-2.886751345948129210e-01,-2.474358296526967260e-01,-2.000000000000000389e-01,-2.474358296526967538e-01,-1.400280084028009964e-01,-3.611575592573076920e-01,-2.886751345948129210e-01,-2.000000000000000111e-01,-2.886751345948129210e-01,-2.886751345948129210e-01,-2.000000000000000389e-01,-2.886751345948129210e-01,-2.000000000000000111e-01,-2.000000000000000389e-01,-2.000000000000000111e-01,-2.474358296526967260e-01,-1.400280084028009686e-01,-2.000000000000000111e-01,-1.400280084028009686e-01,7.141428428542848650e+00,-1.400280084028009686e-01,-1.400280084028009964e-01,-1.400280084028009686e-01,9.258464873627764158e-01,9.718793620051784377e-01,1.112116383996145874e+00,2.692851062746908219e-01,4.616956568214543588e-01,-7.631293010760554774e-01,5.901949081792492308e-02,3.598517810242743420e-01,7.355679936404782016e-01,-5.143360252297358715e-01,-4.112585775631804053e-01,7.646917764503632364e-01,4.900515212190168501e-01,-4.707598050500101383e-01,3.344410509871187931e-01,-1.413531245129830971e+00,-8.631637731633173827e-01,-1.983211021294362109e+00,-6.367839301288608089e-01,2.031187481329713718e-01,3.918653168499276473e-01,0.000000000000000000e+00
1.499999999999999778e+00,-6.666666666666666297e-01,-7.905694150420947697e-01,-5.477225575051660744e-01,1.825741858350553359e+00,-5.477225575051660744e-01,-5.477225575051660744e-01,-2.886751345948129210e-01,-2.474358296526967260e-01,-2.000000000000000389e-01,-2.474358296526967538e-01,-1.400280084028009964e-01,-3.611575592573076920e-01,3.464101615137754830e+00,-2.000000000000000111e-01,-2.886751345948129210e-01,-2.886751345948129210e-01,-2.000000000000000389e-01,-2.886751345948129210e-01,-2.000000000000000111e-01,-2.000000000000000389e-01,-2.000000000000000111e-01,-2.474358296526967260e-01,-1.400280084028009686e-01,-2.000000000000000111e-01,-1.400280084028009686e-01,-1.400280084028009686e-01,-1.400280084028009686e-01,-1.400280084028009964e-01,-1.400280084028009686e-01,-2.405915159212771159e-01,-1.577019332654586714e-01,1.397526783428793551e-01,2.453486523836077848e-01,7.712536143699275093e-02,8.949232193677421066e-01,4.905995174239984880e-01,3.172269686933808508e-01,2.276267710164511793e-01,5.704263367989345079e-01,6.987959065661870639e-01,2.221530470459039397e-01,8.749128481046113404e-01,6.340054913892907429e-01,2.615079338790286465e-02,1.032252885917327889e+00,6.215869951696428863e-01,5.311645150586768310e-02,3.331550099694502443e-01,7.034322961657654139e-01,3.485560788558868528e-01,0.000000000000000000e+00
1.499999999999999778e+00,-6.666666666666666297e-01,-7.905694150420947697e-01,-5.477225575051660744e-01,-5.477225575051660744e-01,-5.477225575051660744e-01,1.825741858350553359e+00,-2.886751345948129210e-01,-2.474358296526967260e-01,-2.000000000000000389e-01,-2.474358296526967538e-01,-1.400280084028009964e-01,-3.611575592573076920e-01,-2.886751345948129210e-01,-2.000000000000000111e-01,-2.886751345948129210e-01,3.464101615137754830e+00,-2.000000000000000389e-01,-2.886751345948129210e-01,-2.000000000000000111e-01,-2.000000000000000389e-01,-2.000000000000000111e-01,-2.474358296526967260e-01,-1.400280084028009686e-01,-2.000000000000000111e-01,-1.400280084028009686e-01,-1.400280084028009686e-01,-1.400280084028009686e-01,-1.400280084028009964e-01,-1.400280084028009686e-01,1.044386934850993320e+00,1.283487995183285157e+00,1.419178606834020417e+00,1.107060992462615134e+00,1.066020406711323032e+00,8.286011185499900789e-01,2.226510291106205575e+00,2.128781492756356197e+00,9.315329715046862802e-01,-1.179742523436671853e+00,-1.287617380823206981e+00,1.662874622788848455e+00,8.615650564207173456e-01,-1.237307759676855579e+00,8.787569311339383793e-01,5.691162227751854763e-01,9.199487528510718048e-01,-2.822098532539593641e-01,1.690014754464315705e-01,1.314926632650291527e+00,2.189198693602622203e+00,0.000000000000000000e+00
-6.666666666666666297e-01,1.499999999999999778e+00,-7.905694150420947697e-01,-5.477225575051660744e-01,1.825741858350553359e+00,-5.477225575051660744e-01,-5.477225575051660744e-01,-2.886751345948129210e-01,-2.474358296526967260e-01,-2.000000000000000389e-01,-2.474358296526967538e-01,-1.400280084028009964e-01,-3.611575592573076920e-01,-2.886751345948129210e-01,-2.000000000000000111e-01,-2.886751345948129210e-01,-2.886751345948129210e-01,-2.000000000000000389e-01,-2.886751345948129210e-01,-2.000000000000000111e-01,-2.000000000000000389e-01,-2.000000000000000111e-01,-2.474358296526967260e-01,7.141428428542848650e+00,-2.000000000000000111e-01,-1.400280084028009686e-01,-1.400280084028009686e-01,-1.400280084028009686e-01,-1.400280084028009964e-01,-1.400280084028009686e-01,2.379152373568314882e+00,2.293619314402314480e+00,2.932837897618157386e-01,2.932215601657747195e-01,3.518184295687513119e-01,-7.631293010760554774e-01,-5.451925464305780178e-01,-2.049269823600650686e-01,-5.625040197320357871e-01,6.260551758773273967e-01,7.750010198931456262e-01,-1.089951740788910606e-01,5.312072122443546318e-01,6.995424157543334021e-01,3.606661201590745103e-01,8.838045197000984343e-01,3.192149988096950469e-02,-8.592830288871503575e-01,-3.807825846227249622e-01,-4.973202191129403316e-01,-1.819820865711134217e-01,0.000000000000000000e+00
-6.666666666666666297e-01,1.499999999999999778e+00,-7.905694150420947697e-01,-5.477225575051660744e-01,-5.477225575051660744e-01,-5.477225575051660744e-01,1.825741858350553359e+00,-2.886751345948129210e-01,-2.474358296526967260e-01,-2.000000000000000389e-01,-2.474358296526967538e-01,-1.400280084028009964e-01,-3.611575592573076920e-01,-2.886751345948129210e-01,-2.000000000000000111e-01,-2.886751345948129210e-01,-2.886751345948129210e-01,-2.000000000000000389e-01,-2.886751345948129210e-01,-2.000000000000000111e-01,5.000000000000000888e+00,-2.000000000000000111e-01,-2.474358296526967260e-01,-1.400280084028009686e-01,-2.000000000000000111e-01,-1.400280084028009686e-01,-1.400280084028009686e-01,-1.400280084028009686e-01,-1.400280084028009964e-01,-1.400280084028009686e-01,1.340738053571535415e+00,1.270504302134197294e+00,8.050541611582721080e-01,8.676964535517797117e-01,1.835160997480247191e+00,-5.569355902003535197e-02,7.975008696772063477e-01,1.020536372153124205e+00,5.051131796721697320e-01,-2.020593821813924773e+00,-2.072530048090882815e+00,1.429709984900979114e+00,-2.051459623171001667e-01,-2.060030220902309583e+00,6.669166501560274130e-01,1.153457919008548549e+00,1.408235414346916015e+00,-7.535187728800537554e-01,-5.950941435833322357e-01,1.059210819211307886e+00,1.063158505757560546e+00,0.000000000000000000e+00
1.499999999999999778e+00,-6.666666666666666297e-01,-7.905694150420947697e-01,-5.477225575051660744e-01,1.825741858350553359e+00,-5.477225575051660744e-01,-5.477225575051660744e-01,-2.886751345948129210e-01,-2.474358296526967260e-01,-2.000000000000000389e-01,-2.474358296526967538e-01,-1.400280084028009964e-01,2.768874620972691769e+00,-2.886751345948129210e-01,-2.000000000000000111e-01,-2.886751345948129210e-01,-2.886751345948129210e-01,-2.000000000000000389e-01,-2.886751345948129210e-01,-2.000000000000000111e-01,-2.000000000000000389e-01,-2.000000000000000111e-01,-2.474358296526967260e-01,-1.400280084028009686e-01,-2.000000000000000111e-01,-1.400280084028009686e-01,-1.400280084028009686e-01,-1.400280084028009686e-01,-1.400280084028009964e-01,-1.400280084028009686e-01,-3.567611544597296125e-01,-3.316834201232349288e-01,4.468149011807530102e-01,-1.136981559826455157e-01,-2.525063203211173612e-01,5.484327567621782862e-02,4.905995174239984880e-01,3.172269686933808508e-01,3.073966939696675749e-04,6.067990392732682814e-01,5.743275547988209162e-01,-1.044588970771814784e-01,4.399973024044160907e-01,5.965558203235516999e-01,-5.076750590901347726e-01,4.601428902711519053e-01,9.456142803935603247e-01,2.085947817651485070e-01,4.627841900094526451e-01,7.034322961657654139e-01,3.485560788558868528e-01,0.000000000000000000e+00
1.499999999999999778e+00,-6.666666666666666297e-01,-7.905694150420947697e-01,-5.477225575051660744e-01,-5.477225575051660744e-01,1.825741858350553359e+00,-5.477225575051660744e-01,-2.886751345948129210e-01,-2.474358296526967260e-01,-2.000000000000000389e-01,-2.474358296526967538e-01,-1.400280084028009964e-01,-3.611575592573076920e-01,-2.886751345948129210e-01,-2.000000000000000111e-01,3.464101615137754830e+00,-2.886751345948129210e-01,-2.000000000000000389e-01,-2.886751345948129210e-01,-2.000000000000000111e-01,-2.000000000000000389e-01,-2.000000000000000111e-01,-2.474358296526967260e-01,-1.400280084028009686e-01,-2.000000000000000111e-01,-1.400280084028009686e-01,-1.400280084028009686e-01,-1.400280084028009686e-01,-1.400280084028009964e-01,-1.400280084028009686e-01,-5.819880046873415758e-01,-4.796975208828356818e-01,9.585852725772093796e-01,7.779347514602223679e-02,9.012045658322684893e-01,1.182318989578000634e+00,1.631888921115615121e+00,1.265629043055762182e+00,1.096143552910621155e+00,1.360934778407092705e-01,-1.521611922515199722e-01,8.463447624811344383e-01,1.041760244153279391e+00,4.382896596553381187e-03,-4.788274830009833782e-01,8.159741800802406964e-01,7.896962005729429857e-01,2.397879263939695360e-01,-5.325594637650395979e-01,2.026483678741376249e+00,-5.205437258899092007e-02,0.000000000000000000e+00
1.499999999999999778e+00,-6.666666666666666297e-01,-7.905694150420947697e-01,-5.477225575051660744e-01,-5.477225575051660744e-01,-5.477225575051660744e-01,1.825741858350553359e+00,-2.886751345948129210e-01,-2.474358296526967260e-01,-2.000000000000000389e-01,-2.474358296526967538e-01,-1.400280084028009964e-01,-3.611575592573076920e-01,-2.886751345948129210e-01,-2.000000000000000111e-01,-2.886751345948129210e-01,-2.886751345948129210e-01,5.000000000000000888e+00,-2.886751345948129210e-01,-2.000000000000000111e-01,-2.000000000000000389e-01,-2.000000000000000111e-01,-2.474358296526967260e-01,-1.400280084028009686e-01,-2.000000000000000111e-01,-1.400280084028009686e-01,-1.400280084028009686e-01,-1.400280084028009686e-01,-1.400280084028009964e-01,-1.400280084028009686e-01,5.702251448981259241e-01,9.588956689560905744e-01,7.027000868789812227e-01,-4.488085104578157791e-01,1.870025886896957978e-01,7.843863846714889121e-01,2.226510291106205575e+00,2.128781492756356197e+00,1.039705639285729344e+00,9.052030060242866097e-08,9.769886285418648053e-08,4.012860444210481782e-08,2.994696832435497481e-08,-2.250581060241606702e-09,-5.603651067182725187e-10,6.925452014277133639e-01,9.289316874909426813e-01,8.383063889594749574e-01,1.590362635483043130e+00,1.314926632650291527e+00,2.189198693602622203e+00,0.000000000000000000e+00
1.499999999999999778e+00,-6.666666666666666297e-01,-7.905694150420947697e-01,-5.477225575051660744e-01,-5.477225575051660744e-01,1.825741858350553359e+00,-5.477225575051660744e-01,-2.886751345948129210e-01,-2.474358296526967260e-01,-2.000000000000000389e-01,-2.474358296526967538e-01,-1.400280084028009964e-01,-3.611575592573076920e-01,-2.886751345948129210e-01,-2.000000000000000111e-01,-2.886751345948129210e-01,-2.886751345948129210e-01,5.000000000000000888e+00,-2.886751345948129210e-01,-2.000000000000000111e-01,-2.000000000000000389e-01,-2.000000000000000111e-01,-2.474358296526967260e-01,-1.400280084028009686e-01,-2.000000000000000111e-01,-1.400280084028009686e-01,-1.400280084028009686e-01,-1.400280084028009686e-01,-1.400280084028009964e-01,-1.400280084028009686e-01,2.075688827998479535e+00,2.285829098572861984e+00,1.623886755392602188e+00,2.992056736385529173e-02,5.715728840741584049e-01,1.182318989578000634e+00,1.631888921115615121e+00,1.265629043055762182e+00,1.767127637117669403e+00,9.191763664057849281e-01,5.057429528045580547e-01,4.834426023443726961e-01,1.292031338226281578e+00,7.358217845992683914e-01,-5.038869935430746461e-01,1.411991590510464523e+00,1.371020399410307844e+00,2.534349271690785610e-01,-4.941266917933805347e-01,2.026483678741376249e+00,1.312186624223295350e+00,0.000000000000000000e+00
-6.666666666666666297e-01,-6.666666666666666297e-01,1.264911064067351765e+00,-5.477225575051660744e-01,-5.477225575051660744e-01,-5.477225575051660744e-01,-5.477225575051660744e-01,3.464101615137754830e+00,-2.474358296526967260e-01,-2.000000000000000389e-01,-2.474358296526967538e-01,-1.400280084028009964e-01,-3.611575592573076920e-01,3.464101615137754830e+00,-2.000000000000000111e-01,-2.886751345948129210e-01,-2.886751345948129210e-01,-2.000000000000000389e-01,-2.886751345948129210e-01,-2.000000000000000111e-01,-2.000000000000000389e-01,-2.000000000000000111e-01,-2.474358296526967260e-01,-1.400280084028009686e-01,-2.000000000000000111e-01,-1.400280084028009686e-01,-1.400280084028009686e-01,-1.400280084028009686e-01,-1.400280084028009964e-01,-1.400280084028009686e-01,-5.677631509887555161e-01,-6.043409741540783919e-01,7.027000868789812227e-01,1.974757446014399898e-01,4.616956568214543588e-01,1.381285292031255940e+00,-1.136125198245045015e-01,2.746021563624873041e-01,4.471075462243639387e-01,-5.400108740351483583e-01,-5.255662475536184708e-01,6.803170242185661021e-01,3.232041251703487439e-01,-5.374670316358577393e-01,-5.006817073109467442e-01,4.217798293386096353e-01,3.187337701682789182e-01,-4.255033613926063607e-01,-9.058133339304740295e-01,2.993328919853740014e-03,3.052468408618460027e-01,0.000000000000000000e+00
-6.666666666666666297e-01,1.499999999999999778e+00,-7.905694150420947697e-01,-5.477225575051660744e-01,1.825741858350553359e+00,-5.477225575051660744e-01,-5.477225575051660744e-01,-2.886751345948129210e-01,-2.474358296526967260e-01,-2.000000000000000389e-01,-2.474358296526967538e-01,-1.400280084028009964e-01,-3.611575592573076920e-01,3.464101615137754830e+00,-2.000000000000000111e-01,-2.886751345948129210e-01,-2.886751345948129210e-01,-2.000000000000000389e-01,-2.886751345948129210e-01,-2.000000000000000111e-01,-2.000000000000000389e-01,-2.000000000000000111e-01,-2.474358296526967260e-01,-1.400280084028009686e-01,-2.000000000000000111e-01,-1.400280084028009686e-01,-1.400280084028009686e-01,-1.400280084028009686e-01,-1.400280084028009964e-01,-1.400280084028009686e-01,9.116216336641904672e-01,7.927043979277670349e-01,-3.720176930535775139e-01,-3.530626948934810772e-01,-4.173221612001729031e-01,-7.852366680153064493e-01,-5.451925464305780178e-01,-2.049269823600650686e-01,-2.019284604618930556e-01,8.143374004503516339e-01,1.064580450535589362e+00,-4.020386683893262814e-01,3.966169794317623287e-01,9.359434643568113055e-01,-7.379585912299627126e-02,8.526692818418031283e-01,1.371501628051722543e-01,5.863242675047795061e-01,-7.129980711574049890e-01,-4.973202191129403316e-01,-1.819820865711134217e-01,0.000000000000000000e+00
-6.666666666666666297e-01,-6.666666666666666297e-01,1.264911064067351765e+00,-5.477225575051660744e-01,-5.477225575051660744e-01,-5.477225575051660744e-01,-5.477225575051660744e-01,3.464101615137754830e+00,-2.474358296526967260e-01,-2.000000000000000389e-01,-2.474358296526967538e-01,-1.400280084028009964e-01,-3.611575592573076920e-01,-2.886751345948129210e-01,-2.000000000000000111e-01,-2.886751345948129210e-01,-2.886751345948129210e-01,-2.000000000000000389e-01,-2.886751345948129210e-01,-2.000000000000000111e-01,-2.000000000000000389e-01,-2.000000000000000111e-01,-2.474358296526967260e-01,-1.400280084028009686e-01,-2.000000000000000111e-01,-1.400280084028009686e-01,-1.400280084028009686e-01,-1.400280084028009686e-01,-1.400280084028009964e-01,7.141428428542848650e+00,-9.044180218552912986e-01,-9.600941636990836248e-01,4.468149011807530102e-01,-8.976170209156247859e-02,5.715728840741584049e-01,8.949232193677421066e-01,-1.136125198245045015e-01,2.746021563624873041e-01,1.141607427775117589e+00,-3.838222104688900349e-01,-4.392004524497318263e-01,8.272923990739543543e-01,6.224171220842932284e-01,-4.122446940097929113e-01,-1.102195663062684738e-01,1.210724517212198537e+00,7.024334069284818849e-01,9.830620757525982967e-01,-9.038591251861523013e-01,2.993328919853740014e-03,3.052468408618460027e-01,0.000000000000000000e+00
-6.666666666666666297e-01,1.499999999999999778e+00,-7.905694150420947697e-01,-5.477225575051660744e-01,-5.477225575051660744e-01,-5.477225575051660744e-01,1.825741858350553359e+00,-2.886751345948129210e-01,-2.474358296526967260e-01,-2.000000000000000389e-01,-2.474358296526967538e-01,-1.400280084028009964e-01,2.768874620972691769e+00,-2.886751345948129210e-01,-2.000000000000000111e-01,-2.886751345948129210e-01,-2.886751345948129210e-01,-2.000000000000000389e-01,-2.886751345948129210e-01,-2.000000000000000111e-01,-2.000000000000000389e-01,-2.000000000000000111e-01,-2.474358296526967260e-01,-1.400280084028009686e-01,-2.000000000000000111e-01,-1.400280084028009686e-01,-1.400280084028009686e-01,-1.400280084028009686e-01,-1.400280084028009964e-01,-1.400280084028009686e-01,6.128997059938839920e-01,3.071142778918839467e-01,4.468149011807530102e-01,1.322489077482367659e+00,1.999976838359302844e+00,-1.441230267770375884e-01,7.975008696772063477e-01,1.020536372153124205e+00,1.695012525263640768e+00,-1.994918973008513063e+00,-2.169056524971697542e+00,1.409750366093457163e+00,-2.596494450263319709e-01,-2.091628380864026582e+00,1.010173666651184687e+00,9.421830906844020914e-01,1.646924820492059460e+00,2.597710346718081764e-01,-7.840009888677581529e-01,1.059210819211307886e+00,1.063158505757560546e+00,0.000000000000000000e+00
1.499999999999999778e+00,-6.666666666666666297e-01,-7.905694150420947697e-01,-5.477225575051660744e-01,-5.477225575051660744e-01,-5.477225575051660744e-01,1.825741858350553359e+00,-2.886751345948129210e-01,-2.474358296526967260e-01,-2.000000000000000389e-01,-2.474358296526967538e-01,-1.400280084028009964e-01,-3.611575592573076920e-01,-2.886751345948129210e-01,-2.000000000000000111e-01,-2.886751345948129210e-01,-2.886751345948129210e-01,-2.000000000000000389e-01,-2.886751345948129210e-01,5.000000000000000000e+00,-2.000000000000000389e-01,-2.000000000000000111e-01,-2.474358296526967260e-01,-1.400280084028009686e-01,-2.000000000000000111e-01,-1.400280084028009686e-01,-1.400280084028009686e-01,-1.400280084028009686e-01,-1.400280084028009964e-01,-1.400280084028009686e-01,-1.410175400311749760e-01,2.499860284758977091e-01,1.470355643973665805e+00,5.984113472772249406e-03,5.166342704478058545e-01,1.558144227545261273e+00,2.226510291106205575e+00,2.128781492756356197e+00,1.282702211837347006e+00,1.574891851785527874e-01,-2.334466464669427976e-01,8.735624244913913206e-01,1.050658771942541536e+00,-2.136375226114205217e-02,-7.204752117819913926e-02,1.061164178214315967e+00,8.269112155095510452e-01,4.527786170626385553e-01,5.266216756572932312e-01,1.314926632650291527e+00,2.189198693602622203e+00,0.000000000000000000e+00
-6.666666666666666297e-01,1.499999999999999778e+00,-7.905694150420947697e-01,-5.477225575051660744e-01,-5.477225575051660744e-01,1.825741858350553359e+00,-5.477225575051660744e-01,-2.886751345948129210e-01,-2.474358296526967260e-01,-2.000000000000000389e-01,-2.474358296526967538e-01,-1.400280084028009964e-01,-3.611575592573076920e-01,-2.886751345948129210e-01,-2.000000000000000111e-01,-2.886751345948129210e-01,-2.886751345948129210e-01,-2.000000000000000389e-01,-2.886751345948129210e-01,-2.000000000000000111e-01,-2.000000000000000389e-01,-2.000000000000000111e-01,-2.474358296526967260e-01,-1.400280084028009686e-01,5.000000000000000000e+00,-1.400280084028009686e-01,-1.400280084028009686e-01,-1.400280084028009686e-01,-1.400280084028009964e-01,-1.400280084028009686e-01,8.950259710158400273e-01,8.524293859535707618e-01,1.112116383996145874e+00,-5.206178721310665836e-01,2.218674781064122747e-02,-1.883377606555386996e-01,5.901949081792492308e-02,3.598517810242743420e-01,5.254935373700472256e-01,-1.163758687458450874e-01,7.869545735093359806e-03,4.598539619354833352e-01,5.067362608238834554e-01,-5.998372554768562070e-02,-6.510387705634942401e-01,-3.793965591221669653e-01,1.897644942672739865e-01,-7.822749530847483701e-01,-1.151392232800227733e+00,2.031187481329713718e-01,3.918653168499276473e-01,0.000000000000000000e+00
-6.666666666666666297e-01,-6.666666666666666297e-01,1.264911064067351765e+00,-5.477225575051660744e-01,1.825741858350553359e+00,-5.477225575051660744e-01,-5.477225575051660744e-01,-2.886751345948129210e-01,-2.474358296526967260e-01,-2.000000000000000389e-01,-2.474358296526967538e-01,-1.400280084028009964e-01,-3.611575592573076920e-01,-2.886751345948129210e-01,-2.000000000000000111e-01,-2.886751345948129210e-01,-2.886751345948129210e-01,-2.000000000000000389e-01,3.464101615137754830e+00,-2.000000000000000111e-01,-2.000000000000000389e-01,-2.000000000000000111e-01,-2.474358296526967260e-01,-1.400280084028009686e-01,-2.000000000000000111e-01,-1.400280084028009686e-01,-1.400280084028009686e-01,-1.400280084028009686e-01,-1.400280084028009964e-01,-1.400280084028009686e-01,-8.451477981111829019e-01,-8.666115737456515644e-01,-7.814339901707425540e-01,-4.248720565667318816e-01,-2.525063203211173612e-01,9.170305863069930785e-01,-9.096379022312623963e-01,-1.089391838226106080e+00,-4.214092356698059816e-01,1.434812913247815569e+00,1.430364994504992104e+00,-7.985092783387386373e-01,3.932800315107896072e-01,1.443854628185896161e+00,-8.975544207798803464e-01,-2.034568043124755921e+00,-2.157347999493300250e+00,-1.573313605156259287e+00,-2.850263561509643329e-01,-9.198072152295220238e-01,-1.080648774947460700e+00,0.000000000000000000e+00
1.499999999999999778e+00,-6.666666666666666297e-01,-7.905694150420947697e-01,1.825741858350553359e+00,-5.477225575051660744e-01,-5.477225575051660744e-01,-5.477225575051660744e-01,-2.886751345948129210e-01,4.041451884327379673e+00,-2.000000000000000389e-01,-2.474358296526967538e-01,-1.400280084028009964e-01,-3.611575592573076920e-01,-2.886751345948129210e-01,-2.000000000000000111e-01,-2.886751345948129210e-01,-2.886751345948129210e-01,-2.000000000000000389e-01,-2.886751345948129210e-01,-2.000000000000000111e-01,-2.000000000000000389e-01,-2.000000000000000111e-01,-2.474358296526967260e-01,-1.400280084028009686e-01,-2.000000000000000111e-01,-1.400280084028009686e-01,-1.400280084028009686e-01,-1.400280084028009686e-01,-1.400280084028009964e-01,-1.400280084028009686e-01,-1.054554057847099380e-01,-1.747804833531061211e-02,1.397526783428793551e-01,-6.582524820047858105e-02,-6.370766157055799406e-01,4.527758805827294397e-01,-6.698712207834437438e-01,-8.549553704061915171e-01,-7.337543498297252609e-02,1.026154903095002791e+00,1.476088062501167419e+00,-7.277433571120699440e-01,2.887223299869570714e-01,1.241392343986744917e+00,1.024948836440411210e-01,-1.030713231297961940e-01,-2.197610795825622604e-02,7.407434555335722093e-02,8.594885651067468713e-01,-6.418552441001920128e-01,-8.424479659802361908e-01,0.000000000000000000e+00
-6.666666666666666297e-01,-6.666666666666666297e-01,1.264911064067351765e+00,-5.477225575051660744e-01,-5.477225575051660744e-01,-5.477225575051660744e-01,-5.477225575051660744e-01,3.464101615137754830e+00,-2.474358296526967260e-01,-2.000000000000000389e-01,-2.474358296526967538e-01,-1.400280084028009964e-01,-3.611575592573076920e-01,-2.886751345948129210e-01,-2.000000000000000111e-01,-2.886751345948129210e-01,3.464101615137754830e+00,-2.000000000000000389e-01,-2.886751345948129210e-01,-2.000000000000000111e-01,-2.000000000000000389e-01,-2.000000000000000111e-01,-2.474358296526967260e-01,-1.400280084028009686e-01,-2.000000000000000111e-01,-1.400280084028009686e-01,-1.400280084028009686e-01,-1.400280084028009686e-01,-1.400280084028009964e-01,-1.400280084028009686e-01,-2.761536501677421818e-01,-4.537301347846601218e-01,8.562311982979176062e-01,2.992056736385529173e-02,1.066020406711323032e+00,1.160211622638749551e+00,-1.136125198245045015e-01,2.746021563624873041e-01,7.371357134633921282e-01,-1.741442785580226971e-01,-3.985577253420203858e-01,8.064255248660902042e-01,7.236378756871523210e-01,-2.788302408380980424e-01,-1.410108828262886860e+00,9.310633628778680615e-01,1.170829284578897234e+00,1.759394584818511353e-01,-8.817114260838404549e-01,2.993328919853740014e-03,3.052468408618460027e-01,0.000000000000000000e+00
-6.666666666666666297e-01,1.499999999999999778e+00,-7.905694150420947697e-01,1.825741858350553359e+00,-5.477225575051660744e-01,-5.477225575051660744e-01,-5.477225575051660744e-01,-2.886751345948129210e-01,-2.474358296526967260e-01,-2.000000000000000389e-01,-2.474358296526967538e-01,-1.400280084028009964e-01,-3.611575592573076920e-01,-2.886751345948129210e-01,-2.000000000000000111e-01,-2.886751345948129210e-01,-2.886751345948129210e-01,-2.000000000000000389e-01,-2.886751345948129210e-01,-2.000000000000000111e-01,5.000000000000000888e+00,-2.000000000000000111e-01,-2.474358296526967260e-01,-1.400280084028009686e-01,-2.000000000000000111e-01,-1.400280084028009686e-01,-1.400280084028009686e-01,-1.400280084028009686e-01,-1.400280084028009964e-01,-1.400280084028009686e-01,-8.807099323576479399e-01,-1.014625674505252206e+00,-7.814339901707425540e-01,-2.172233190615831422e+00,-2.065480569990724380e+00,-2.023249216613341783e+00,-1.149404583679080938e+00,-7.483933395789577059e-01,-1.804138119479657965e+00,-4.244740544107927782e-01,-1.013577833668809075e-01,-2.108586076432448664e+00,-2.850233347675318107e+00,-2.788302408380980424e-01,-1.577949270963405315e+00,-7.519074406410567457e-01,-7.983583161185336952e-01,1.726336225111227085e+00,1.161739517561828361e+00,-1.197759186358852146e+00,-7.341748709951341212e-01,1.000000000000000000e+00
-6.666666666666666297e-01,-6.666666666666666297e-01,1.264911064067351765e+00,-5.477225575051660744e-01,-5.477225575051660744e-01,1.825741858350553359e+00,-5.477225575051660744e-01,-2.886751345948129210e-01,-2.474358296526967260e-01,-2.000000000000000389e-01,-2.474358296526967538e-01,-1.400280084028009964e-01,-3.611575592573076920e-01,-2.886751345948129210e-01,-2.000000000000000111e-01,-2.886751345948129210e-01,-2.886751345948129210e-01,-2.000000000000000389e-01,-2.886751345948129210e-01,-2.000000000000000111e-01,-2.000000000000000389e-01,-2.000000000000000111e-01,-2.474358296526967260e-01,-1.400280084028009686e-01,-2.000000000000000111e-01,-1.400280084028009686e-01,-1.400280084028009686e-01,7.141428428542848650e+00,-1.400280084028009964e-01,-1.400280084028009686e-01,-1.022958469343508092e+00,-1.157446298045217814e+00,8.050541611582721080e-01,5.565225529676932625e-01,2.218674781064122747e-02,-1.883377606555386996e-01,-5.164205446568398417e-01,-4.926444655935964811e-01,-2.160379388681160084e-01,4.762852245124224448e-01,6.886352247892589817e-01,-5.027440178272776228e-01,-6.610646560987676335e-02,5.778309847906817343e-01,9.472335006384904332e-01,9.143837711680670166e-01,9.558804914105559769e-01,3.460395752858912988e-01,-1.011992009038616969e+00,-4.639659825774207214e-01,-4.743194430308890763e-01,1.000000000000000000e+00
-6.666666666666666297e-01,-6.666666666666666297e-01,1.264911064067351765e+00,-5.477225575051660744e-01,1.825741858350553359e+00,-5.477225575051660744e-01,-5.477225575051660744e-01,-2.886751345948129210e-01,-2.474358296526967260e-01,-2.000000000000000389e-01,-2.474358296526967538e-01,-1.400280084028009964e-01,2.768874620972691769e+00,-2.886751345948129210e-01,-2.000000000000000111e-01,-2.886751345948129210e-01,-2.886751345948129210e-01,-2.000000000000000389e-01,-2.886751345948129210e-01,-2.000000000000000111e-01,-2.000000000000000389e-01,-2.000000000000000111e-01,-2.474358296526967260e-01,-1.400280084028009686e-01,-2.000000000000000111e-01,-1.400280084028009686e-01,-1.400280084028009686e-01,-1.400280084028009686e-01,-1.400280084028009964e-01,-1.400280084028009686e-01,-1.089341119936909630e+00,-1.089931094189961369e+00,-5.255488044725143970e-01,8.676964535517797117e-01,2.218674781064122747e-02,-6.968072002583034497e-01,-9.096379022312623963e-01,-1.089391838226106080e+00,-1.878189820556699363e-01,5.906893142447245532e-02,1.803022751202144197e-02,-1.652450089000892242e-01,-1.639902712917623295e-01,4.066226544148789784e-02,1.307973896581617890e+00,-1.723215664541803527e+00,-1.660078403357585497e+00,-9.489633196950112426e-01,-4.628593518842341048e-01,-9.198072152295220238e-01,-1.080648774947460700e+00,1.000000000000000000e+00
1.499999999999999778e+00,-6.666666666666666297e-01,-7.905694150420947697e-01,-5.477225575051660744e-01,1.825741858350553359e+00,-5.477225575051660744e-01,-5.477225575051660744e-01,-2.886751345948129210e-01,-2.474358296526967260e-01,5.000000000000000888e+00,-2.474358296526967538e-01,-1.400280084028009964e-01,-3.611575592573076920e-01,-2.886751345948129210e-01,-2.000000000000000111e-01,-2.886751345948129210e-01,-2.886751345948129210e-01,-2.000000000000000389e-01,-2.886751345948129210e-01,-2.000000000000000111e-01,-2.000000000000000389e-01,-2.000000000000000111e-01,-2.474358296526967260e-01,-1.400280084028009686e-01,-2.000000000000000111e-01,-1.400280084028009686e-01,-1.400280084028009686e-01,-1.400280084028009686e-01,-1.400280084028009964e-01,-1.400280084028009686e-01,-5.891004315366346056e-01,-5.705833722264501695e-01,-1.377843307605793911e-02,-1.502012481665491839e+00,-9.117696838373385848e-01,7.622790177322379401e-01,4.905995174239984880e-01,3.172269686933808508e-01,-1.206836866949551723e+00,1.548210162138386803e+00,9.020095421047437112e-01,-7.232070801103603896e-01,3.131932814074283034e-01,1.262457783961223212e+00,-1.788623993311451610e+00,3.055786737603292114e-01,-3.545050991806283913e-02,7.291303827586010922e-01,2.250885191063759727e+00,7.034322961657654139e-01,3.485560788558868528e-01,1.000000000000000000e+00
-6.666666666666666297e-01,1.499999999999999778e+00,-7.905694150420947697e-01,1.825741858350553359e+00,-5.477225575051660744e-01,-5.477225575051660744e-01,-5.477225575051660744e-01,-2.886751345948129210e-01,-2.474358296526967260e-01,-2.000000000000000389e-01,-2.474358296526967538e-01,-1.400280084028009964e-01,2.768874620972691769e+00,-2.886751345948129210e-01,-2.000000000000000111e-01,-2.886751345948129210e-01,-2.886751345948129210e-01,-2.000000000000000389e-01,-2.886751345948129210e-01,-2.000000000000000111e-01,-2.000000000000000389e-01,-2.000000000000000111e-01,-2.474358296526967260e-01,-1.400280084028009686e-01,-2.000000000000000111e-01,-1.400280084028009686e-01,-1.400280084028009686e-01,-1.400280084028009686e-01,-1.400280084028009964e-01,-1.400280084028009686e-01,2.493908645232856963e-02,-8.758999080038464002e-02,-1.497912510125781749e+00,-1.645631205011993448e+00,-1.461155820100855651e+00,-1.934819748856339450e+00,-1.149404583679080938e+00,-7.483933395789577059e-01,-2.440632367582605600e+00,-2.725645323121034247e-01,3.835159106587714833e-02,-1.680361527471069705e+00,-2.186180711401619625e+00,-1.313721610167505327e-01,-1.118427781139243127e+00,-1.458822751849524479e-01,-2.632320668576483835e-01,1.585479681396706697e+00,1.075102929896902149e+00,-1.197759186358852146e+00,-7.341748709951341212e-01,1.000000000000000000e+00
-6.666666666666666297e-01,1.499999999999999778e+00,-7.905694150420947697e-01,-5.477225575051660744e-01,-5.477225575051660744e-01,1.825741858350553359e+00,-5.477225575051660744e-01,-2.886751345948129210e-01,-2.474358296526967260e-01,-2.000000000000000389e-01,-2.474358296526967538e-01,-1.400280084028009964e-01,-3.611575592573076920e-01,-2.886751345948129210e-01,-2.000000000000000111e-01,-2.886751345948129210e-01,-2.886751345948129210e-01,-2.000000000000000389e-01,-2.886751345948129210e-01,-2.000000000000000111e-01,-2.000000000000000389e-01,-2.000000000000000111e-01,4.041451884327379673e+00,-1.400280084028009686e-01,-2.000000000000000111e-01,-1.400280084028009686e-01,-1.400280084028009686e-01,-1.400280084028009686e-01,-1.400280084028009964e-01,-1.400280084028009686e-01,8.760594994177253181e-01,7.459631029510509492e-01,7.538771240186267208e-01,-4.188879430939553700e-02,4.067570431951028631e-01,-2.104451275947896438e-01,5.901949081792492308e-02,3.598517810242743420e-01,1.155716906181340375e+00,-1.577702679920562678e+00,-1.678803629234929096e+00,9.488646227197692351e-01,-3.909027299179508308e-01,-1.635210514750332411e+00,-3.815033374072799299e-01,-9.620702961845495338e-01,-1.932935043043673418e-01,-3.104786405738282906e-01,-9.820274749590182095e-01,2.031187481329713718e-01,3.918653168499276473e-01,1.000000000000000000e+00
-6.666666666666666297e-01,-6.666666666666666297e-01,1.264911064067351765e+00,-5.477225575051660744e-01,-5.477225575051660744e-01,-5.477225575051660744e-01,1.825741858350553359e+00,-2.886751345948129210e-01,-2.474358296526967260e-01,-2.000000000000000389e-01,-2.474358296526967538e-01,-1.400280084028009964e-01,-3.611575592573076920e-01,-2.886751345948129210e-01,-2.000000000000000111e-01,-2.886751345948129210e-01,-2.886751345948129210e-01,-2.000000000000000389e-01,3.464101615137754830e+00,-2.000000000000000111e-01,-2.000000000000000389e-01,-2.000000000000000111e-01,-2.474358296526967260e-01,-1.400280084028009686e-01,-2.000000000000000111e-01,-1.400280084028009686e-01,-1.400280084028009686e-01,-1.400280084028009686e-01,-1.400280084028009964e-01,-1.400280084028009686e-01,-1.181802668977718795e+00,-1.206784331631751472e+00,-8.326110273103880521e-01,7.779347514602223679e-02,-3.623835475738213519e-01,6.296348160967346619e-01,-1.615658561140682348e-01,-3.541138255181924266e-01,-9.845895214959117514e-02,-1.634464248891011329e-01,1.679002837217071220e-01,-2.423617179291509272e-01,-3.085913478672743238e-01,-1.200133449470750131e-02,7.088767608311569157e-01,-4.461149259613710893e-01,-6.283241961495472649e-01,-7.895858463571283625e-01,-6.068193960492620498e-01,-5.259706530601226948e-02,-3.335644195502563414e-01,1.000000000000000000e+00
1.499999999999999778e+00,-6.666666666666666297e-01,-7.905694150420947697e-01,-5.477225575051660744e-01,-5.477225575051660744e-01,1.825741858350553359e+00,-5.477225575051660744e-01,-2.886751345948129210e-01,-2.474358296526967260e-01,-2.000000000000000389e-01,-2.474358296526967538e-01,-1.400280084028009964e-01,-3.611575592573076920e-01,-2.886751345948129210e-01,-2.000000000000000111e-01,-2.886751345948129210e-01,3.464101615137754830e+00,-2.000000000000000389e-01,-2.886751345948129210e-01,-2.000000000000000111e-01,-2.000000000000000389e-01,-2.000000000000000111e-01,-2.474358296526967260e-01,-1.400280084028009686e-01,-2.000000000000000111e-01,-1.400280084028009686e-01,-1.400280084028009686e-01,-1.400280084028009686e-01,-1.400280084028009964e-01,-1.400280084028009686e-01,-6.625955089793290620e-01,-5.627931563969974516e-01,3.739860406358751915e-02,-3.291262410023980123e-01,-2.525063203211173612e-01,6.517421830359848567e-01,1.631888921115615121e+00,1.265629043055762182e+00,-2.677726930242669279e-01,8.592683858598225699e-01,5.133634641372537555e-01,-9.992262007547189628e-02,5.501165837965372729e-01,7.065642290791597224e-01,-5.621649250363102146e-01,8.454414587675561643e-01,3.918805236643710388e-01,7.223068823710465658e-01,3.982953014468384456e-01,2.026483678741376249e+00,1.312186624223295350e+00,1.000000000000000000e+00
-6.666666666666666297e-01,1.499999999999999778e+00,-7.905694150420947697e-01,-5.477225575051660744e-01,1.825741858350553359e+00,-5.477225575051660744e-01,-5.477225575051660744e-01,-2.886751345948129210e-01,-2.474358296526967260e-01,-2.000000000000000389e-01,-2.474358296526967538e-01,-1.400280084028009964e-01,-3.611575592573076920e-01,-2.886751345948129210e-01,-2.000000000000000111e-01,-2.886751345948129210e-01,-2.886751345948129210e-01,-2.000000000000000389e-01,-2.886751345948129210e-01,5.000000000000000000e+00,-2.000000000000000389e-01,-2.000000000000000111e-01,-2.474358296526967260e-01,-1.400280084028009686e-01,-2.000000000000000111e-01,-1.400280084028009686e-01,-1.400280084028009686e-01,-1.400280084028009686e-01,-1.400280084028009964e-01,-1.400280084028009686e-01,1.165298191288974383e+00,1.135473894423684404e+00,3.444608269014611812e-01,6.043954607498610576e-01,4.616956568214543588e-01,-5.862703655620502552e-01,-5.451925464305780178e-01,-2.049269823600650686e-01,-9.375579268085014462e-02,3.693066878232044159e-01,5.692472139103570417e-01,6.004785489884783001e-01,1.177462792939529379e+00,4.643116693726605515e-01,4.419638345921382272e-01,-1.280907106944977614e-01,6.207849474339379586e-02,-1.192659762107676436e+00,-5.279996433616223062e-01,-4.973202191129403316e-01,-1.819820865711134217e-01,1.000000000000000000e+00
1.499999999999999778e+00,-6.666666666666666297e-01,-7.905694150420947697e-01,-5.477225575051660744e-01,1.825741858350553359e+00,-5.477225575051660744e-01,-5.477225575051660744e-01,-2.886751345948129210e-01,-2.474358296526967260e-01,-2.000000000000000389e-01,-2.474358296526967538e-01,-1.400280084028009964e-01,-3.611575592573076920e-01,-2.886751345948129210e-01,5.000000000000000000e+00,-2.886751345948129210e-01,-2.886751345948129210e-01,-2.000000000000000389e-01,-2.886751345948129210e-01,-2.000000000000000111e-01,-2.000000000000000389e-01,-2.000000000000000111e-01,-2.474358296526967260e-01,-1.400280084028009686e-01,-2.000000000000000111e-01,-1.400280084028009686e-01,-1.400280084028009686e-01,-1.400280084028009686e-01,-1.400280084028009964e-01,-1.400280084028009686e-01,6.532034581398777906e-01,7.225924554626930174e-01,-1.673095444949947719e-01,-6.403001415864844059e-01,-3.623835475738213519e-01,1.874874773117219395e-01,4.905995174239984880e-01,3.172269686933808508e-01,-4.104351969094104380e-01,1.680863547633016708e+00,1.247472722520290400e+00,-4.891351868221491817e-01,8.204093653953794529e-01,1.494177623680482903e+00,-1.116388053536979896e+00,6.780895552792189918e-01,3.270750666195874068e-01,1.607412361213846452e+00,2.873626377587591652e+00,7.034322961657654139e-01,3.485560788558868528e-01,1.000000000000000000e+00
-6.666666666666666297e-01,-6.666666666666666297e-01,1.264911064067351765e+00,-5.477225575051660744e-01,-5.477225575051660744e-01,1.825741858350553359e+00,-5.477225575051660744e-01,-2.886751345948129210e-01,-2.474358296526967260e-01,-2.000000000000000389e-01,-2.474358296526967538e-01,-1.400280084028009964e-01,-3.611575592573076920e-01,-2.886751345948129210e-01,-2.000000000000000111e-01,-2.886751345948129210e-01,-2.886751345948129210e-01,-2.000000000000000389e-01,3.464101615137754830e+00,-2.000000000000000111e-01,-2.000000000000000389e-01,-2.000000000000000111e-01,-2.474358296526967260e-01,-1.400280084028009686e-01,-2.000000000000000111e-01,-1.400280084028009686e-01,-1.400280084028009686e-01,-1.400280084028009686e-01,-1.400280084028009964e-01,-1.400280084028009686e-01,-1.186544286877247334e+00,-1.313250614634271285e+00,3.739860406358751915e-02,1.729408793630788033e+00,9.561431794586200406e-01,-3.209819622910428105e-01,-5.164205446568398417e-01,-4.926444655935964811e-01,-6.785152866276470407e-01,-1.008576864733923051e+00,-1.097104597505809798e+00,9.996709251389160888e-01,2.208710555938321329e-01,-1.057081217672986684e+00,2.149215837686472952e+00,3.472776530348317681e-01,7.094914270026663194e-01,-9.757699283604044371e-01,-9.234012126293688061e-01,-4.639659825774207214e-01,-4.743194430308890763e-01,1.000000000000000000e+00
1.499999999999999778e+00,-6.666666666666666297e-01,-7.905694150420947697e-01,-5.477225575051660744e-01,-5.477225575051660744e-01,1.825741858350553359e+00,-5.477225575051660744e-01,-2.886751345948129210e-01,-2.474358296526967260e-01,-2.000000000000000389e-01,-2.474358296526967538e-01,-1.400280084028009964e-01,2.768874620972691769e+00,-2.886751345948129210e-01,-2.000000000000000111e-01,-2.886751345948129210e-01,-2.886751345948129210e-01,-2.000000000000000389e-01,-2.886751345948129210e-01,-2.000000000000000111e-01,-2.000000000000000389e-01,-2.000000000000000111e-01,-2.474358296526967260e-01,-1.400280084028009686e-01,-2.000000000000000111e-01,-1.400280084028009686e-01,-1.400280084028009686e-01,-1.400280084028009686e-01,-1.400280084028009964e-01,-1.400280084028009686e-01,-1.150982152630782407e+00,-1.056173492262333147e+00,3.956378640411075676e-01,-9.993469499527376509e-01,-4.722607748265243988e-01,1.115996888760248495e+00,1.631888921115615121e+00,1.265629043055762182e+00,9.911063247754056116e-01,5.982407563381310078e-01,2.441053970486657121e-01,-3.485105997691538837e-01,-1.049066692698740963e-02,4.385650205149650982e-01,-1.308705227464657117e+00,1.165433010492507859e-01,1.146928262054948133e-01,1.077616295408712288e+00,1.747350737943549115e+00,2.026483678741376249e+00,1.312186624223295350e+00,1.000000000000000000e+00
-6.666666666666666297e-01,1.499999999999999778e+00,-7.905694150420947697e-01,-5.477225575051660744e-01,1.825741858350553359e+00,-5.477225575051660744e-01,-5.477225575051660744e-01,-2.886751345948129210e-01,-2.474358296526967260e-01,-2.000000000000000389e-01,-2.474358296526967538e-01,-1.400280084028009964e-01,-3.611575592573076920e-01,-2.886751345948129210e-01,-2.000000000000000111e-01,-2.886751345948129210e-01,-2.886751345948129210e-01,-2.000000000000000389e-01,-2.886751345948129210e-01,-2.000000000000000111e-01,-2.000000000000000389e-01,-2.000000000000000111e-01,4.041451884327379673e+00,-1.400280084028009686e-01,-2.000000000000000111e-01,-1.400280084028009686e-01,-1.400280084028009686e-01,-1.400280084028009686e-01,-1.400280084028009964e-01,-1.400280084028009686e-01,8.902843531163113777e-01,8.758000334419288047e-01,-6.495547021570340085e-02,2.932215601657747195e-01,1.870025886896957978e-01,-8.957735027115596438e-01,-5.451925464305780178e-01,-2.049269823600650686e-01,2.150850124331418478e-01,-1.393699596815107800e+00,-1.292697721711670855e+00,4.026968717139431386e-01,-7.968980603030429988e-01,-1.359019190640507357e+00,3.953414893975495947e-01,-6.412661489660427261e-01,-1.066723488484686011e-01,-5.434524395203365055e-01,-4.322434148898616768e-01,-4.973202191129403316e-01,-1.819820865711134217e-01,1.000000000000000000e+00
-6.666666666666666297e-01,-6.666666666666666297e-01,1.264911064067351765e+00,-5.477225575051660744e-01,1.825741858350553359e+00,-5.477225575051660744e-01,-5.477225575051660744e-01,-2.886751345948129210e-01,-2.474358296526967260e-01,-2.000000000000000389e-01,-2.474358296526967538e-01,-1.400280084028009964e-01,-3.611575592573076920e-01,-2.886751345948129210e-01,-2.000000000000000111e-01,3.464101615137754830e+00,-2.886751345948129210e-01,-2.000000000000000389e-01,-2.886751345948129210e-01,-2.000000000000000111e-01,-2.000000000000000389e-01,-2.000000000000000111e-01,-2.474358296526967260e-01,-1.400280084028009686e-01,-2.000000000000000111e-01,-1.400280084028009686e-01,-1.400280084028009686e-01,-1.400280084028009686e-01,-1.400280084028009964e-01,-1.400280084028009686e-01,-1.243443701671591350e+00,-1.258719103828102703e+00,-7.302569530310970558e-01,1.178870354135866050e+00,3.518184295687513119e-01,-1.441230267770375884e-01,-9.096379022312623963e-01,-1.089391838226106080e+00,-1.000266719725047965e-01,-7.004786790689753184e-01,-5.585884633286342105e-01,9.513729099803744371e-02,-4.921234835208090908e-01,-6.404536270666403297e-01,1.622383336987624158e+00,-1.992869063850253530e+00,-1.860269518188995885e+00,-6.882081263134595117e-01,-6.823821341630325055e-01,-9.198072152295220238e-01,-1.080648774947460700e+00,1.000000000000000000e+00
-6.666666666666666297e-01,-6.666666666666666297e-01,1.264911064067351765e+00,-5.477225575051660744e-01,-5.477225575051660744e-01,-5.477225575051660744e-01,1.825741858350553359e+00,-2.886751345948129210e-01,4.041451884327379673e+00,-2.000000000000000389e-01,-2.474358296526967538e-01,-1.400280084028009964e-01,-3.611575592573076920e-01,-2.886751345948129210e-01,-2.000000000000000111e-01,-2.886751345948129210e-01,-2.886751345948129210e-01,-2.000000000000000389e-01,-2.886751345948129210e-01,-2.000000000000000111e-01,-2.000000000000000389e-01,-2.000000000000000111e-01,-2.474358296526967260e-01,-1.400280084028009686e-01,-2.000000000000000111e-01,-1.400280084028009686e-01,-1.400280084028009686e-01,-1.400280084028009686e-01,-1.400280084028009964e-01,-1.400280084028009686e-01,-7.906191922666031546e-01,-8.380474490376584873e-01,4.979919383203984529e-01,1.777281701412954940e+00,7.913273385795644987e-01,7.401716507929878563e-01,-1.615658561140682348e-01,-3.541138255181924266e-01,-1.850524118099418358e-02,-1.522073840842169457e+00,-1.432407096144428849e+00,6.667081932134369948e-01,-6.011304489392726991e-01,-1.492433643812202781e+00,2.329586035658036902e+00,-7.563553317636700912e-01,-7.098122460969485958e-01,-7.564431301890057746e-01,-9.253554213736905343e-01,-5.259706530601226948e-02,-3.335644195502563414e-01,1.000000000000000000e+00
-6.666666666666666297e-01,1.499999999999999778e+00,-7.905694150420947697e-01,-5.477225575051660744e-01,-5.477225575051660744e-01,-5.477225575051660744e-01,1.825741858350553359e+00,-2.886751345948129210e-01,-2.474358296526967260e-01,-2.000000000000000389e-01,-2.474358296526967538e-01,-1.400280084028009964e-01,-3.611575592573076920e-01,-2.886751345948129210e-01,-2.000000000000000111e-01,-2.886751345948129210e-01,-2.886751345948129210e-01,-2.000000000000000389e-01,-2.886751345948129210e-01,-2.000000000000000111e-01,-2.000000000000000389e-01,5.000000000000000000e+00,-2.474358296526967260e-01,-1.400280084028009686e-01,-2.000000000000000111e-01,-1.400280084028009686e-01,-1.400280084028009686e-01,-1.400280084028009686e-01,-1.400280084028009964e-01,-1.400280084028009686e-01,3.449982946705140163e-01,1.850675632304587814e-01,-1.673095444949947719e-01,2.992056736385529173e-02,7.913273385795644987e-01,-4.978408978050480327e-01,7.975008696772063477e-01,1.020536372153124205e+00,9.236943723901180903e-01,-1.038530855006904119e+00,-9.472345412961241662e-01,1.949353850356470852e-01,-7.156989942260248982e-01,-1.003247315515986671e+00,6.490561783090444126e-02,9.366232267811350765e-01,1.234351465246556145e+00,1.042524007701288280e+00,-6.159390368560964113e-01,1.059210819211307886e+00,1.063158505757560546e+00,1.000000000000000000e+00
1.499999999999999778e+00,-6.666666666666666297e-01,-7.905694150420947697e-01,1.825741858350553359e+00,-5.477225575051660744e-01,-5.477225575051660744e-01,-5.477225575051660744e-01,-2.886751345948129210e-01,-2.474358296526967260e-01,-2.000000000000000389e-01,4.041451884327380562e+00,-1.400280084028009964e-01,-3.611575592573076920e-01,-2.886751345948129210e-01,-2.000000000000000111e-01,-2.886751345948129210e-01,-2.886751345948129210e-01,-2.000000000000000389e-01,-2.886751345948129210e-01,-2.000000000000000111e-01,-2.000000000000000389e-01,-2.000000000000000111e-01,-2.474358296526967260e-01,-1.400280084028009686e-01,-2.000000000000000111e-01,-1.400280084028009686e-01,-1.400280084028009686e-01,-1.400280084028009686e-01,-1.400280084028009964e-01,-1.400280084028009686e-01,-8.332937533623612225e-01,-7.445648590842264269e-01,-5.255488044725143970e-01,-6.642365954775674153e-01,-3.074449339474698562e-01,-5.569355902003535197e-02,-6.698712207834437438e-01,-8.549553704061915171e-01,3.765601541932491747e-01,1.411277635176187761e+00,1.697082891149347406e+00,-8.520373469589109794e-01,4.322110905888115751e-01,1.553863036941504960e+00,-5.525490663399259539e-01,3.055786737603292114e-01,5.503651562392370966e-01,4.815347972673334476e-01,5.637516417994044016e-01,-6.418552441001920128e-01,-8.424479659802361908e-01,1.000000000000000000e+00
-6.666666666666666297e-01,1.499999999999999778e+00,-7.905694150420947697e-01,1.825741858350553359e+00,-5.477225575051660744e-01,-5.477225575051660744e-01,-5.477225575051660744e-01,-2.886751345948129210e-01,-2.474358296526967260e-01,-2.000000000000000389e-01,-2.474358296526967538e-01,-1.400280084028009964e-01,-3.611575592573076920e-01,-2.886751345948129210e-01,-2.000000000000000111e-01,-2.886751345948129210e-01,-2.886751345948129210e-01,-2.000000000000000389e-01,-2.886751345948129210e-01,-2.000000000000000111e-01,-2.000000000000000389e-01,5.000000000000000000e+00,-2.474358296526967260e-01,-1.400280084028009686e-01,-2.000000000000000111e-01,-1.400280084028009686e-01,-1.400280084028009686e-01,-1.400280084028009686e-01,-1.400280084028009964e-01,-1.400280084028009686e-01,-3.354238739118505785e-01,-4.589236120042952116e-01,-1.242027324427553481e+00,-2.076487375051497164e+00,-2.175357797243427704e+00,-2.266430252945098811e+00,-1.149404583679080938e+00,-7.483933395789577059e-01,-1.558006107282212671e+00,-4.694050398202644914e-01,-2.690090326861904191e-01,-1.788324920111756366e+00,-2.553244982708688937e+00,-3.806465340480756909e-01,-1.511221039403650490e+00,-3.560451307284452360e-01,-6.084334123041186260e-01,1.378337705345941355e+00,7.044546713905631696e-01,-1.197759186358852146e+00,-7.341748709951341212e-01,1.000000000000000000e+00
-6.666666666666666297e-01,1.499999999999999778e+00,-7.905694150420947697e-01,1.825741858350553359e+00,-5.477225575051660744e-01,-5.477225575051660744e-01,-5.477225575051660744e-01,-2.886751345948129210e-01,-2.474358296526967260e-01,-2.000000000000000389e-01,-2.474358296526967538e-01,-1.400280084028009964e-01,-3.611575592573076920e-01,3.464101615137754830e+00,-2.000000000000000111e-01,-2.886751345948129210e-01,-2.886751345948129210e-01,-2.000000000000000389e-01,-2.886751345948129210e-01,-2.000000000000000111e-01,-2.000000000000000389e-01,-2.000000000000000111e-01,-2.474358296526967260e-01,-1.400280084028009686e-01,-2.000000000000000111e-01,-1.400280084028009686e-01,-1.400280084028009686e-01,-1.400280084028009686e-01,-1.400280084028009964e-01,-1.400280084028009686e-01,9.329589142120694456e-01,6.576739902172540342e-01,-1.190850287287907650e+00,-1.693504112794160354e+00,-1.351278592848151661e+00,-2.111678684370344339e+00,-1.149404583679080938e+00,-7.483933395789577059e-01,-3.649713220449141704e-01,-6.619664058608569768e-01,-4.976243726670670497e-01,-1.728446063689190515e+00,-2.681161319679334465e+00,-5.913009337928576414e-01,-1.295301303221213063e+00,-6.757373051662984853e-01,-3.331706294109294531e-01,1.712201831451292566e+00,3.325036070546761868e-01,-1.197759186358852146e+00,-7.341748709951341212e-01,1.000000000000000000e+00
1.499999999999999778e+00,-6.666666666666666297e-01,-7.905694150420947697e-01,1.825741858350553359e+00,-5.477225575051660744e-01,-5.477225575051660744e-01,-5.477225575051660744e-01,-2.886751345948129210e-01,-2.474358296526967260e-01,-2.000000000000000389e-01,-2.474358296526967538e-01,7.141428428542850426e+00,-3.611575592573076920e-01,-2.886751345948129210e-01,-2.000000000000000111e-01,-2.886751345948129210e-01,-2.886751345948129210e-01,-2.000000000000000389e-01,-2.886751345948129210e-01,-2.000000000000000111e-01,-2.000000000000000389e-01,-2.000000000000000111e-01,-2.474358296526967260e-01,-1.400280084028009686e-01,-2.000000000000000111e-01,-1.400280084028009686e-01,-1.400280084028009686e-01,-1.400280084028009686e-01,-1.400280084028009964e-01,-1.400280084028009686e-01,-8.332937533623612225e-01,-7.835159382314897947e-01,-7.302569530310970558e-01,-8.317917727151521445e-01,-6.370766157055799406e-01,1.211653764939698841e-01,-6.698712207834437438e-01,-8.549553704061915171e-01,-8.164746310440493815e-01,2.181523099338556815e+00,1.948559765128312193e+00,-1.310201324131572642e+00,3.810445558005532418e-01,2.091031756290698596e+00,-7.419523436929416071e-01,6.650452591984767903e-02,1.846313887587758551e-01,9.236001438039077582e-01,1.064680483260519672e+00,-6.418552441001920128e-01,-8.424479659802361908e-01,1.000000000000000000e+00
-6.666666666666666297e-01,-6.666666666666666297e-01,1.264911064067351765e+00,-5.477225575051660744e-01,1.825741858350553359e+00,-5.477225575051660744e-01,-5.477225575051660744e-01,-2.886751345948129210e-01,4.041451884327379673e+00,-2.000000000000000389e-01,-2.474358296526967538e-01,-1.400280084028009964e-01,-3.611575592573076920e-01,-2.886751345948129210e-01,-2.000000000000000111e-01,-2.886751345948129210e-01,-2.886751345948129210e-01,-2.000000000000000389e-01,-2.886751345948129210e-01,-2.000000000000000111e-01,-2.000000000000000389e-01,-2.000000000000000111e-01,-2.474358296526967260e-01,-1.400280084028009686e-01,-2.000000000000000111e-01,-1.400280084028009686e-01,-1.400280084028009686e-01,-1.400280084028009686e-01,-1.400280084028009964e-01,-1.400280084028009686e-01,1.482986590557395568e+00,1.462662959260696560e+00,-4.743717673328688988e-01,1.083124538571532236e+00,-8.769047944206279088e-02,-5.641629986228001714e-01,-9.096379022312623963e-01,-1.089391838226106080e+00,-7.020310839713519435e-01,-8.673651963041552060e-01,-8.659490870807012852e-01,-2.677648691387243263e-01,-1.159513067715481460e+00,-8.733437690067046288e-01,4.078712446685954229e-01,-1.795493895284274499e+00,-1.916733678782470696e+00,-1.582574069967940700e+00,-6.576288234016249845e-01,-9.198072152295220238e-01,-1.080648774947460700e+00,1.000000000000000000e+00
-6.666666666666666297e-01,-6.666666666666666297e-01,1.264911064067351765e+00,1.825741858350553359e+00,-5.477225575051660744e-01,-5.477225575051660744e-01,-5.477225575051660744e-01,-2.886751345948129210e-01,-2.474358296526967260e-01,-2.000000000000000389e-01,-2.474358296526967538e-01,-1.400280084028009964e-01,-3.611575592573076920e-01,-2.886751345948129210e-01,-2.000000000000000111e-01,3.464101615137754830e+00,-2.886751345948129210e-01,-2.000000000000000389e-01,-2.886751345948129210e-01,-2.000000000000000111e-01,-2.000000000000000389e-01,-2.000000000000000111e-01,-2.474358296526967260e-01,-1.400280084028009686e-01,-2.000000000000000111e-01,-1.400280084028009686e-01,-1.400280084028009686e-01,-1.400280084028009686e-01,-1.400280084028009964e-01,-1.400280084028009686e-01,-5.464258704408765377e-01,-4.563268733944776390e-01,-2.163213992941174890e+00,-1.190838581081405501e+00,-1.680910274606262744e+00,-5.199482647442982275e-01,-1.139813916421168249e+00,-1.622201992362275247e+00,-1.619147180375845707e+00,1.469046044988365329e+00,1.404963290062672288e+00,-1.772901578305943859e+00,-7.946734283557278511e-01,1.449706139289918427e+00,-6.058733736562368355e-01,-7.913824743542520190e-01,-1.656228574226212391e+00,1.040087043277161616e+00,1.579288785931886707e+00,-1.186641107513678906e+00,-1.622014249872971270e+00,2.000000000000000000e+00
-6.666666666666666297e-01,-6.666666666666666297e-01,1.264911064067351765e+00,-5.477225575051660744e-01,-5.477225575051660744e-01,1.825741858350553359e+00,-5.477225575051660744e-01,-2.886751345948129210e-01,-2.474358296526967260e-01,-2.000000000000000389e-01,-2.474358296526967538e-01,-1.400280084028009964e-01,-3.611575592573076920e-01,-2.886751345948129210e-01,-2.000000000000000111e-01,-2.886751345948129210e-01,-2.886751345948129210e-01,-2.000000000000000389e-01,-2.886751345948129210e-01,-2.000000000000000111e-01,-2.000000000000000389e-01,-2.000000000000000111e-01,-2.474358296526967260e-01,-1.400280084028009686e-01,5.000000000000000000e+00,-1.400280084028009686e-01,-1.400280084028009686e-01,-1.400280084028009686e-01,-1.400280084028009964e-01,-1.400280084028009686e-01,-6.697079358286219808e-01,-7.705322451824019314e-01,-1.161325073553493153e-01,1.466107800828868601e+00,-2.525063203211173612e-01,-7.780092595928551902e-02,-5.164205446568398417e-01,-4.926444655935964811e-01,-4.809825889405252020e-01,-1.261046211320477450e+00,-1.234273801494335965e+00,5.850552071826657929e-01,-4.798880078105735025e-01,-1.259543501872138149e+00,5.521091251143533940e-01,-9.381628814005016359e-01,5.309556010352223243e-02,-8.592830288871503575e-01,-9.064647368452480869e-01,-4.639659825774207214e-01,-4.743194430308890763e-01,2.000000000000000000e+00
-6.666666666666666297e-01,-6.666666666666666297e-01,1.264911064067351765e+00,-5.477225575051660744e-01,-5.477225575051660744e-01,-5.477225575051660744e-01,1.825741858350553359e+00,-2.886751345948129210e-01,-2.474358296526967260e-01,-2.000000000000000389e-01,4.041451884327380562e+00,-1.400280084028009964e-01,-3.611575592573076920e-01,-2.886751345948129210e-01,-2.000000000000000111e-01,-2.886751345948129210e-01,-2.886751345948129210e-01,-2.000000000000000389e-01,-2.886751345948129210e-01,-2.000000000000000111e-01,-2.000000000000000389e-01,-2.000000000000000111e-01,-2.474358296526967260e-01,-1.400280084028009686e-01,-2.000000000000000111e-01,-1.400280084028009686e-01,-1.400280084028009686e-01,-1.400280084028009686e-01,-1.400280084028009964e-01,-1.400280084028009686e-01,-1.667818503679407760e+00,-1.705358144716722313e+00,-3.208406559139316272e-01,1.250679715809116965e+00,5.715728840741584049e-01,5.633127152789826342e-01,-1.615658561140682348e-01,-3.541138255181924266e-01,6.618851619635360839e-01,-1.310256338197517634e+00,-1.264755846825119212e+00,1.132130213588834255e+00,1.530197812007071945e-01,-1.299333777379485966e+00,1.595284098843269271e+00,-1.106070771279165088e+00,-6.892798240629575135e-01,-1.817010047568924369e+00,-1.064104242220527574e+00,-5.259706530601226948e-02,-3.335644195502563414e-01,2.000000000000000000e+00
-6.666666666666666297e-01,-6.666666666666666297e-01,1.264911064067351765e+00,-5.477225575051660744e-01,-5.477225575051660744e-01,-5.477225575051660744e-01,1.825741858350553359e+00,-2.886751345948129210e-01,-2.474358296526967260e-01,-2.000000000000000389e-01,-2.474358296526967538e-01,-1.400280084028009964e-01,-3.611575592573076920e-01,-2.886751345948129210e-01,-2.000000000000000111e-01,3.464101615137754830e+00,-2.886751345948129210e-01,-2.000000000000000389e-01,-2.886751345948129210e-01,-2.000000000000000111e-01,-2.000000000000000389e-01,-2.000000000000000111e-01,-2.474358296526967260e-01,-1.400280084028009686e-01,-2.000000000000000111e-01,-1.400280084028009686e-01,-1.400280084028009686e-01,-1.400280084028009686e-01,-1.400280084028009964e-01,-1.400280084028009686e-01,1.308504170350688681e-02,-5.383238887275640372e-02,8.857564120323298262e-02,1.920900424759456548e+00,1.230836247590378685e+00,5.854200822182334951e-01,-1.615658561140682348e-01,-3.541138255181924266e-01,9.581842084942184812e-01,-7.454096644784466985e-01,-7.897439737537427229e-01,8.862640000961781173e-01,3.532366564591085667e-01,-7.715274757967265362e-01,2.508499285342270291e+00,-1.144989818602034193e+00,-8.368566074322664194e-01,-1.822371369302003163e+00,-7.416597994074557443e-01,-5.259706530601226948e-02,-3.335644195502563414e-01,2.000000000000000000e+00
-6.666666666666666297e-01,-6.666666666666666297e-01,1.264911064067351765e+00,1.825741858350553359e+00,-5.477225575051660744e-01,-5.477225575051660744e-01,-5.477225575051660744e-01,-2.886751345948129210e-01,-2.474358296526967260e-01,-2.000000000000000389e-01,-2.474358296526967538e-01,-1.400280084028009964e-01,-3.611575592573076920e-01,-2.886751345948129210e-01,-2.000000000000000111e-01,-2.886751345948129210e-01,-2.886751345948129210e-01,-2.000000000000000389e-01,-2.886751345948129210e-01,-2.000000000000000111e-01,-2.000000000000000389e-01,-2.000000000000000111e-01,4.041451884327379673e+00,-1.400280084028009686e-01,-2.000000000000000111e-01,-1.400280084028009686e-01,-1.400280084028009686e-01,-1.400280084028009686e-01,-1.400280084028009964e-01,-1.400280084028009686e-01,-8.570018428600045812e-01,-7.575485521333141792e-01,-2.367922141499757327e+00,-1.262647942754656194e+00,-2.065480569990724380e+00,-1.183169272921817727e+00,-1.139813916421168249e+00,-1.622201992362275247e+00,-2.092598566895772283e+00,8.763849517300978942e-01,1.064580450535589362e+00,-1.754756470299105864e+00,-1.228476658082264805e+00,9.710525309809412420e-01,-6.195686875571471131e-01,-1.235615600225286492e+00,-1.823054503252387715e+00,2.149308892678775673e-01,1.092039405681023201e+00,-1.186641107513678906e+00,-1.622014249872971270e+00,2.000000000000000000e+00
-6.666666666666666297e-01,-6.666666666666666297e-01,1.264911064067351765e+00,1.825741858350553359e+00,-5.477225575051660744e-01,-5.477225575051660744e-01,-5.477225575051660744e-01,-2.886751345948129210e-01,-2.474358296526967260e-01,-2.000000000000000389e-01,-2.474358296526967538e-01,-1.400280084028009964e-01,2.768874620972691769e+00,-2.886751345948129210e-01,-2.000000000000000111e-01,-2.886751345948129210e-01,-2.886751345948129210e-01,-2.000000000000000389e-01,-2.886751345948129210e-01,-2.000000000000000111e-01,-2.000000000000000389e-01,-2.000000000000000111e-01,-2.474358296526967260e-01,-1.400280084028009686e-01,-2.000000000000000111e-01,-1.400280084028009686e-01,-1.400280084028009686e-01,-1.400280084028009686e-01,-1.400280084028009964e-01,-1.400280084028009686e-01,-2.619287964691561221e-01,-1.213475927280128763e-01,-2.674984364337631426e+00,-1.190838581081405501e+00,-1.955603342738021277e+00,-1.802175547220835172e+00,-1.139813916421168249e+00,-1.622201992362275247e+00,-2.040863812739621252e+00,6.667070198192305286e-01,1.216990677189507375e+00,-1.732982340690900402e+00,-1.245161397687131410e+00,9.254107443695718249e-01,-2.981658953719531491e-01,-1.300110021503183999e+00,-1.594631308124240032e+00,4.123250076221363636e-01,8.790306525499632651e-01,-1.186641107513678906e+00,-1.622014249872971270e+00,2.000000000000000000e+00
-6.666666666666666297e-01,-6.666666666666666297e-01,1.264911064067351765e+00,1.825741858350553359e+00,-5.477225575051660744e-01,-5.477225575051660744e-01,-5.477225575051660744e-01,-2.886751345948129210e-01,-2.474358296526967260e-01,-2.000000000000000389e-01,4.041451884327380562e+00,-1.400280084028009964e-01,-3.611575592573076920e-01,-2.886751345948129210e-01,-2.000000000000000111e-01,-2.886751345948129210e-01,-2.886751345948129210e-01,-2.000000000000000389e-01,-2.886751345948129210e-01,-2.000000000000000111e-01,-2.000000000000000389e-01,-2.000000000000000111e-01,-2.474358296526967260e-01,-1.400280084028009686e-01,-2.000000000000000111e-01,-1.400280084028009686e-01,-1.400280084028009686e-01,-1.400280084028009686e-01,-1.400280084028009964e-01,-1.400280084028009686e-01,1.861540950363034519e-01,3.330816639900595066e-01,-2.367922141499757327e+00,-1.238711488863573296e+00,-2.010541956364372940e+00,-1.581101877828328783e+00,-1.139813916421168249e+00,-1.622201992362275247e+00,-1.739861606740197741e+00,9.790843469517471753e-01,1.255093233852986545e+00,-1.584192455034827862e+00,-8.847710222220080967e-01,1.112659099698267040e+00,-8.603422473657577896e-02,-1.442998523817146106e+00,-1.752474302510544479e+00,4.635012605287960330e-01,2.680147184920619874e-01,-1.186641107513678906e+00,-1.622014249872971270e+00,2.000000000000000000e+00
-6.666666666666666297e-01,-6.666666666666666297e-01,1.264911064067351765e+00,-5.477225575051660744e-01,-5.477225575051660744e-01,1.825741858350553359e+00,-5.477225575051660744e-01,-2.886751345948129210e-01,-2.474358296526967260e-01,-2.000000000000000389e-01,-2.474358296526967538e-01,-1.400280084028009964e-01,-3.611575592573076920e-01,-2.886751345948129210e-01,-2.000000000000000111e-01,-2.886751345948129210e-01,-2.886751345948129210e-01,-2.000000000000000389e-01,-2.886751345948129210e-01,-2.000000000000000111e-01,-2.000000000000000389e-01,-2.000000000000000111e-01,-2.474358296526967260e-01,-1.400280084028009686e-01,-2.000000000000000111e-01,-1.400280084028009686e-01,-1.400280084028009686e-01,-1.400280084028009686e-01,7.141428428542850426e+00,-1.400280084028009686e-01,6.081580880943553424e-01,5.252403211165587171e-01,2.932837897618157386e-01,1.202806808026950058e+00,1.066020406711323032e+00,4.085611467042283285e-01,-5.164205446568398417e-01,-4.926444655935964811e-01,3.734247145474219320e-01,-2.319126883702003206e-01,-2.817098849073503830e-01,1.075880378767636314e+00,1.075129723363012602e+00,-2.565944986428153607e-01,1.267762123851285505e+00,1.413659549681444583e+00,1.097682531082805113e+00,-4.917887937288513700e-01,-1.006129382805651895e+00,-4.639659825774207214e-01,-4.743194430308890763e-01,2.000000000000000000e+00
